county,fips,cases,deaths,cfr
Abbeville,1395031.0,172,0,0.0
Acadia,616028.0,1670,68,0.0407185628742515
Accomack,1530030.0,283,0,0.0
Ada,592037.0,9095,114,0.012534359538207807
Adair,2704099.0,1044,47,0.045019157088122604
Adams,7965318.0,13863,394,0.028420976700569863
Addison,1500030.0,971,8,0.008238928939237899
Aiken,1350090.0,813,31,0.038130381303813035
Aitkin,54002.0,2,0,0.0
Alachua,480040.0,3471,0,0.0
Alamance,999027.0,576,0,0.0
Alameda,294049.0,16335,420,0.025711662075298437
Alamosa,184069.0,108,20,0.18518518518518517
Albany,2768063.0,9632,254,0.026370431893687707
Albemarle,1479087.0,838,0,0.0
Alcona,104004.0,4,0,0.0
Alcorn,560060.0,115,0,0.0
Alexander,791069.0,47,0,0.0
Alexandria city,1957380.0,3202,32,0.009993753903810118
Alfalfa,240018.0,6,0,0.0
Allamakee,665175.0,448,30,0.06696428571428571
Allegan,754145.0,342,0,0.0
Allegany,1632119.0,637,11,0.01726844583987441
Alleghany,1848210.0,95,0,0.0
Allegheny,1512108.0,14985,319,0.021287954621287953
Allen,2580321.0,4274,314,0.07346747777257838
Allendale,810090.0,60,0,0.0
Alpena,208056.0,11,2,0.18181818181818182
Alpine,120060.0,31,0,0.0
Amador,180150.0,88,0,0.0
Amelia,1224168.0,153,0,0.0
Amherst,1428252.0,165,0,0.0
Amite,672120.0,195,20,0.10256410256410256
Anchorage,76760.0,2387,69,0.028906577293674067
Anderson,4618462.0,2307,118,0.05114867793671435
Andrew,232024.0,8,0,0.0
Andrews,960060.0,176,0,0.0
Androscoggin,874038.0,520,4,0.007692307692307693
Angelina,1152120.0,277,0,0.0
Anne Arundel,888111.0,10619,311,0.029287126848102456
Anoka,1080120.0,1137,3,0.002638522427440633
Anson,703133.0,145,0,0.0
Antelope,620060.0,20,0,0.0
Antrim,520180.0,119,0,0.0
Apache,116029.0,1252,38,0.03035143769968051
Appanoose,456168.0,27,15,0.5555555555555556
Appling,260020.0,171,0,0.0
Appomattox,663143.0,72,0,0.0
Aransas,816119.0,30,0,0.0
Arapahoe,328205.0,18156,552,0.03040317250495704
Archuleta,160140.0,91,0,0.0
Arenac,494209.0,78,0,0.0
Arkansas,105021.0,34,0,0.0
Arlington,1989507.0,6116,93,0.015206017004578156
Armstrong,1332185.0,399,10,0.02506265664160401
Aroostook,368048.0,30,0,0.0
Ascension,748170.0,7493,340,0.04537568397170692
Ashe,555135.0,44,0,0.0
Ashland,2293217.0,119,0,0.0
Ashley,105063.0,142,0,0.0
Ashtabula,1170210.0,494,20,0.04048582995951417
Asotin,848048.0,89,0,0.0
Assumption,682217.0,1743,10,0.005737234652897304
Atascosa,1200325.0,122,1,0.00819672131147541
Atchison,1067215.0,73,0,0.0
Athens,936216.0,67,20,0.29850746268656714
Atkinson,169039.0,41,0,0.0
Atlantic,1088032.0,3847,119,0.030933194697166624
Atoka,680085.0,17,0,0.0
Attala,812203.0,406,0,0.0
Audubon,380180.0,20,0,0.0
Auglaize,858242.0,208,11,0.052884615384615384
Augusta,918270.0,228,0,0.0
Aurora,1058069.0,23,0,0.0
Austin,1200375.0,150,0,0.0
Autauga,26026.0,350,16,0.045714285714285714
Avoyelles,638261.0,1024,28,0.02734375
Baca,176198.0,170,0,0.0
Bacon,273105.0,221,3,0.013574660633484163
Baker,758287.0,539,62,0.1150278293135436
Baldwin,413369.0,2052,50,0.024366471734892786
Ballard,231077.0,24,0,0.0
Baltimore,936195.0,18895,364,0.019264355649642764
Baltimore city,857850.0,13517,322,0.023821853961677887
Bamberg,855171.0,111,0,0.0
Bandera,480190.0,23,0,0.0
Banks,260220.0,118,0,0.0
Bannock,416130.0,111,0,0.0
Baraga,78039.0,3,0,0.0
Barber,240084.0,12,0,0.0
Barbour,988098.0,202,0,0.0
Barnes,836066.0,45,0,0.0
Barnstable,900036.0,8877,230,0.025909654162442265
Barnwell,900220.0,71,0,0.0
Barren,399171.0,69,0,0.0
Barron,880080.0,82,0,0.0
Barrow,364364.0,936,61,0.06517094017094018
Barry,1421642.0,226,6,0.02654867256637168
Bartholomew,612170.0,1498,54,0.036048064085447265
Barton,380171.0,73,0,0.0
Bartow,507585.0,4781,256,0.05354528341351182
Bastrop,1392609.0,449,15,0.0334075723830735
Bates,841377.0,93,6,0.06451612903225806
Bath,357187.0,32,0,0.0
Baxter,115115.0,76,0,0.0
Bay,1310774.0,1445,34,0.023529411764705882
Bayfield,1705217.0,72,1,0.013888888888888888
Beadle,1840200.0,554,27,0.048736462093862815
Beaufort,2508780.0,3817,88,0.023054755043227664
Beauregard,638319.0,463,14,0.03023758099352052
Beaver,1866315.0,2527,200,0.07914523149980214
Beaverhead,450015.0,15,0,0.0
Becker,216040.0,13,0,0.0
Beckham,800180.0,24,0,0.0
Bedford,3401778.0,683,22,0.032210834553440704
Bee,528275.0,28,0,0.0
Belknap,1056032.0,459,0,0.0
Bell,1776999.0,1727,47,0.02721482339316734
Belmont,1404468.0,752,26,0.034574468085106384
Beltrami,621161.0,103,0,0.0
Ben Hill,338442.0,146,0,0.0
Bennington,2150129.0,653,11,0.016845329249617153
Benton,7279812.0,6510,495,0.07603686635944701
Benzie,52038.0,3,0,0.0
Bergen,1564138.0,165996,7158,0.043121521000506036
Berkeley,2754528.0,2771,21,0.007578491519307109
Berks,1344352.0,14382,261,0.018147684605757195
Berkshire,1075129.0,6626,360,0.054331421672200425
Bernalillo,1365039.0,7328,232,0.03165938864628821
Berrien,1014989.0,1854,63,0.03398058252427184
Bertie,925375.0,228,17,0.07456140350877193
Bethel Census Area,24600.0,12,0,0.0
Bexar,3217943.0,12725,440,0.03457760314341847
Bibb,423791.0,1703,18,0.010569583088667059
Bienville,638377.0,515,60,0.11650485436893204
Big Horn,662048.0,24,0,0.0
Big Stone,729297.0,27,0,0.0
Bingham,480330.0,52,0,0.0
Black Hawk,627429.0,931,2,0.0021482277121374865
Blackford,306153.0,72,4,0.05555555555555555
Bladen,629289.0,19,0,0.0
Blaine,576468.0,8659,83,0.009585402471417023
Blair,1008312.0,177,0,0.0
Blanco,1200775.0,65,0,0.0
Bleckley,260460.0,38,0,0.0
Bledsoe,1034154.0,88,0,0.0
Blount,1435495.0,1069,36,0.03367633302151544
Blue Earth,918442.0,416,0,0.0
Bolivar,896352.0,1107,52,0.04697380307136405
Bollinger,696408.0,46,0,0.0
Bon Homme,1794351.0,70,0,0.0
Bond,357105.0,68,3,0.04411764705882353
Bonner,320340.0,58,0,0.0
Bonneville,352418.0,188,0,0.0
Boone,3588189.0,4592,110,0.023954703832752614
Bosque,192140.0,4,0,0.0
Bossier,792540.0,3320,120,0.03614457831325301
Botetourt,1479667.0,345,0,0.0
Boulder,288468.0,4941,148,0.02995345071847804
Boundary,16021.0,1,0,0.0
Bourbon,1296909.0,245,46,0.18775510204081633
Bowie,1633258.0,714,67,0.0938375350140056
Bowman,456132.0,12,0,0.0
Box Butte,248104.0,8,0,0.0
Box Elder,1568096.0,248,0,0.0
Boyd,441399.0,363,29,0.07988980716253444
Boyle,462462.0,176,0,0.0
Bracken,462506.0,64,0,0.0
Bradford,1428586.0,679,9,0.013254786450662739
Bradley,1570682.0,688,5,0.007267441860465116
Branch,494437.0,378,24,0.06349206349206349
Brantley,169325.0,129,14,0.10852713178294573
Braxton,594077.0,11,0,0.0
Brazoria,1729404.0,4064,34,0.008366141732283465
Brazos,1585353.0,2382,169,0.0709487825356843
Breathitt,588700.0,66,0,0.0
Breckinridge,462594.0,63,0,0.0
Bremer,323289.0,103,0,0.0
Brevard,396297.0,2393,53,0.0221479314667781
Bristol,2000205.0,20873,596,0.028553633881090404
Bristol city,1184960.0,23,0,0.0
Broadwater,930217.0,94,0,0.0
Brooke,648108.0,30,0,0.0
Brookings,1196286.0,117,0,0.0
Brooks,273567.0,253,21,0.08300395256916997
Broome,1296252.0,2144,118,0.05503731343283582
Broomfield,240420.0,1284,37,0.02881619937694704
Broward,528484.0,53688,1230,0.02291014751899866
Brown,6252045.0,2119,56,0.026427560169891458
Brule,276090.0,6,0,0.0
Brunswick,2302159.0,705,25,0.03546099290780142
Bryan,1339079.0,548,29,0.05291970802919708
Buchanan,1774301.0,508,10,0.01968503937007874
Buckingham,969551.0,211,0,0.0
Bucks,1638663.0,19896,637,0.03201648572577402
Buena Vista,228252.0,20,0,0.0
Buena Vista city,824480.0,60,0,0.0
Buffalo,1975779.0,604,33,0.054635761589403975
Bullitt,483667.0,387,34,0.08785529715762273
Bulloch,286682.0,256,8,0.03125
Bullock,24264.0,97,0,0.0
Buncombe,1073609.0,728,36,0.04945054945054945
Bureau,391253.0,87,0,0.0
Burke,1961700.0,1187,55,0.04633529907329402
Burleigh,1254495.0,1078,0,0.0
Burleson,1057122.0,91,0,0.0
Burlington,1360200.0,16874,455,0.026964560862865947
Burnet,1201325.0,107,0,0.0
Burt,310210.0,10,0,0.0
Butler,4873714.0,5319,114,0.02143260011280316
Butte,220222.0,290,0,0.0
Butts,364980.0,474,0,0.0
Cabarrus,1406950.0,2297,41,0.01784936874183718
Cabell,1134231.0,299,0,0.0
Cache,1568160.0,533,0,0.0
Caddo,1779008.0,16878,631,0.037385946202156656
Calaveras,156234.0,149,0,0.0
Calcasieu,682589.0,4051,147,0.0362873364601333
Caldwell,3239229.0,697,0,0.0
Caledonia,1300130.0,145,0,0.0
Calhoun,4905776.0,3614,94,0.026009961261759824
Callahan,576708.0,12,0,0.0
Callaway,783729.0,401,13,0.032418952618453865
Calloway,631050.0,229,12,0.05240174672489083
Calumet,1705465.0,86,0,0.0
Calvert,744279.0,1288,21,0.016304347826086956
Camas,304475.0,19,0,0.0
Cambria,1134567.0,192,12,0.0625
Camden,2619105.0,20670,550,0.026608611514271893
Cameron,2678673.0,2840,35,0.01232394366197183
Camp,865134.0,51,0,0.0
Campbell,4826058.0,1141,54,0.04732690622261174
Canadian,1360578.0,959,31,0.03232533889468196
Candler,273903.0,60,0,0.0
Cannon,1128360.0,130,0,0.0
Canyon,480810.0,2638,69,0.026156178923426837
Cape Girardeau,754806.0,498,12,0.024096385542168676
Cape May,1054279.0,2164,101,0.0466728280961183
Carbon,4041127.0,1684,53,0.03147268408551069
Caribou,240435.0,15,0,0.0
Carlton,513323.0,314,0,0.0
Caroline,1512847.0,362,0,0.0
Carroll,8456798.0,9594,454,0.04732124244319366
Carson,48065.0,1,0,0.0
Carson City,1235380.0,348,0,0.0
Carter,3026335.0,189,19,0.10052910052910052
Carteret,1110930.0,397,13,0.0327455919395466
Carver,1134798.0,317,0,0.0
Cascade,870377.0,271,1,0.0036900369003690036
Casey,105225.0,5,0,0.0
Cass,6647464.0,3346,127,0.03795576808129109
Cassia,416806.0,124,19,0.1532258064516129
Castro,1394001.0,235,15,0.06382978723404255
Caswell,777693.0,53,0,0.0
Catahoula,660750.0,296,28,0.0945945945945946
Catawba,1074015.0,581,16,0.027538726333907058
Catoosa,352269.0,214,0,0.0
Catron,630054.0,18,0,0.0
Cattaraugus,792198.0,375,0,0.0
Cayuga,972297.0,398,13,0.032663316582914576
Cecil,672420.0,1207,24,0.01988400994200497
Cedar,1261748.0,454,0,0.0
Centre,1260810.0,1143,2,0.0017497812773403325
Cerro Gordo,532924.0,256,0,0.0
Chaffee,232435.0,549,57,0.10382513661202186
Chambers,1281373.0,3389,150,0.04426084390675716
Champaign,1491078.0,1521,34,0.022353714661406968
Chariton,667943.0,82,0,0.0
Charles,888629.0,3812,114,0.029905561385099685
Charles City,1582116.0,129,0,0.0
Charles Mix,1840920.0,71,0,0.0
Charleston,1980836.0,6468,40,0.006184291898577613
Charlevoix,963073.0,204,6,0.029411764705882353
Charlotte,1282200.0,1737,66,0.037996545768566495
Charlottesville city,1700820.0,600,12,0.02
Charlton,521960.0,74,0,0.0
Chase,40034.0,2,0,0.0
Chatham,2021158.0,3282,79,0.024070688604509446
Chattahoochee,300219.0,65,0,0.0
Chattooga,365540.0,113,13,0.11504424778761062
Chautauqua,1280686.0,401,14,0.034912718204488775
Chaves,945135.0,354,0,0.0
Cheatham,1504672.0,355,0,0.0
Cheboygan,546651.0,172,15,0.0872093023255814
Chelan,2438322.0,926,106,0.11447084233261338
Chemung,936390.0,1017,21,0.02064896755162242
Chenango,1152544.0,1067,0,0.0
Cherokee,5023131.0,4717,156,0.03307186771252915
Cherry,465465.0,15,0,0.0
Chesapeake city,1340300.0,1881,26,0.013822434875066455
Cheshire,990150.0,323,22,0.06811145510835913
Chester,4087338.0,9783,229,0.023407952570786057
Chesterfield,3008126.0,3719,30,0.008066684592632429
Cheyenne,403429.0,29,0,0.0
Chickasaw,1031957.0,519,33,0.06358381502890173
Chicot,120408.0,92,0,0.0
Chilton,25525.0,513,0,0.0
Chippewa,2353401.0,372,8,0.021505376344086023
Chisago,810750.0,122,16,0.13114754098360656
Chittenden,1950273.0,6499,292,0.04492998922911217
Choctaw,1673575.0,398,14,0.035175879396984924
Chowan,592656.0,44,0,0.0
Christian,2034377.0,1715,92,0.053644314868804666
Churchill,192006.0,10,0,0.0
Cibola,910156.0,373,10,0.02680965147453083
Citrus,420595.0,1177,98,0.08326253186066271
Clackamas,1558190.0,2298,74,0.03220191470844212
Claiborne,2449874.0,786,47,0.05979643765903308
Clallam,1643279.0,247,0,0.0
Clare,755015.0,76,9,0.11842105263157894
Clarendon,1350810.0,1387,70,0.050468637346791634
Clarion,924682.0,199,1,0.005025125628140704
Clark,9582428.0,48477,1898,0.0391525878251542
Clarke,2328384.0,2331,208,0.08923208923208924
Clatsop,1066182.0,109,0,0.0
Clay,8164231.0,5121,209,0.040812341339582114
Clayton,914237.0,6509,210,0.032263020433246276
Clear Creek,296703.0,205,0,0.0
Clearfield,1092858.0,154,0,0.0
Clearwater,594638.0,47,0,0.0
Cleburne,196507.0,1913,82,0.04286461055933089
Clermont,1131725.0,707,16,0.02263083451202263
Cleveland,2497920.0,5109,286,0.05597964376590331
Clinch,365820.0,80,0,0.0
Clinton,6309717.0,4017,79,0.019666417724670152
Cloud,340493.0,39,0,0.0
Coahoma,896864.0,782,15,0.01918158567774936
Cobb,561881.0,14187,674,0.04750828223021076
Cochise,116087.0,234,0,0.0
Cocke,1363841.0,86,0,0.0
Coconino,128160.0,4217,310,0.07351197533791795
Codington,1242783.0,219,0,0.0
Coffee,1371110.0,1430,31,0.021678321678321677
Coffey,460713.0,645,38,0.05891472868217054
Colbert,25825.0,166,13,0.0783132530120482
Cole,958683.0,745,16,0.021476510067114093
Coles,204348.0,73,0,0.0
Colfax,877699.0,74,0,0.0
Colleton,1260812.0,273,4,0.014652014652014652
Collier,480840.0,6524,72,0.011036174126302882
Collin,1971485.0,7964,128,0.01607232546459066
Colonial Heights city,464130.0,119,0,0.0
Colorado,865602.0,91,0,0.0
Colquitt,339846.0,1382,78,0.056439942112879886
Columbia,7806700.0,5267,160,0.03037782418834251
Columbiana,1170870.0,1578,123,0.0779467680608365
Columbus,777987.0,410,15,0.036585365853658534
Colusa,138253.0,52,0,0.0
Comal,1250366.0,606,77,0.12706270627062707
Comanche,1826418.0,913,0,0.0
Concho,432855.0,9,0,0.0
Concordia,418551.0,260,19,0.07307692307692308
Conecuh,18630.0,71,0,0.0
Contra Costa,282611.0,10427,194,0.018605543301045364
Converse,1232198.0,99,0,0.0
Conway,130754.0,87,22,0.25287356321839083
Cook,1726166.0,245120,7510,0.030638054830287205
Cooke,769552.0,21,0,0.0
Cooper,726325.0,62,0,0.0
Coos,856200.0,33,0,0.0
Coosa,24888.0,239,6,0.02510460251046025
Copiah,1037073.0,527,3,0.0056925996204933585
Corson,460310.0,10,0,0.0
Cortland,1008644.0,352,0,0.0
Coryell,1202475.0,494,3,0.006072874493927126
Coshocton,1288023.0,272,0,0.0
Costilla,184529.0,63,0,0.0
Cotton,800660.0,74,0,0.0
Cottonwood,567693.0,99,0,0.0
Covington,640579.0,403,3,0.007444168734491315
Covington city,928440.0,18,0,0.0
Coweta,470772.0,1979,56,0.02829711975745326
Cowley,340595.0,22,10,0.45454545454545453
Cowlitz,1590450.0,476,0,0.0
Craig,1573380.0,126,0,0.0
Craighead,155961.0,556,4,0.007194244604316547
Crane,1491193.0,49,0,0.0
Craven,1333764.0,425,11,0.02588235294117647
Crawford,6127244.0,1371,42,0.030634573304157548
Creek,1000925.0,998,46,0.04609218436873747
Crenshaw,24984.0,54,0,0.0
Crisp,340106.0,1159,8,0.006902502157031924
Crittenden,514020.0,1627,29,0.01782421634910879
Crockett,47033.0,3,0,0.0
Crook,1496373.0,55,0,0.0
Crosby,577284.0,12,4,0.3333333333333333
Cross,130962.0,116,0,0.0
Crow Wing,486630.0,198,0,0.0
Crowley,248775.0,39,31,0.7948717948717948
Cullman,31290.0,569,17,0.029876977152899824
Culpeper,1429316.0,315,0,0.0
Cumberland,7761607.0,12788,313,0.024476071316859555
Cuming,558702.0,32,0,0.0
Currituck,778113.0,46,0,0.0
Curry,1443429.0,199,0,0.0
Custer,2166089.0,366,18,0.04918032786885246
Cuyahoga,1600435.0,22026,474,0.02152002179242713
Dade,261660.0,54,16,0.2962962962962963
Dakota,1244707.0,1861,55,0.02955400322407308
Dale,18810.0,127,0,0.0
Dallam,577332.0,19,0,0.0
Dallas,3060752.0,31685,611,0.019283572668455106
Dane,4071850.0,6942,201,0.02895419187554019
Danville city,1392930.0,325,0,0.0
Dare,629935.0,124,10,0.08064516129032258
Darke,1288221.0,757,118,0.15587846763540292
Darlington,1350930.0,679,0,0.0
Dauphin,1177204.0,3585,58,0.016178521617852163
Davidson,3087264.0,26531,265,0.009988315555388037
Davie,1037652.0,378,32,0.08465608465608465
Daviess,1021451.0,1683,57,0.0338680926916221
Davis,2156484.0,3678,44,0.011963023382272975
Davison,1841400.0,97,40,0.41237113402061853
Dawson,2272281.0,797,30,0.037641154328732745
Day,46037.0,1,0,0.0
De Soto,660930.0,1965,107,0.0544529262086514
De Witt,272624.0,31,0,0.0
DeKalb,3252923.0,18435,277,0.015025766205587198
DeSoto,1233812.0,3720,83,0.022311827956989248
DeWitt,1491813.0,168,0,0.0
Deaf Smith,1395393.0,146,0,0.0
Dearborn,468754.0,906,50,0.05518763796909492
Decatur,1407488.0,2819,149,0.05285562256119191
Deer Lodge,630483.0,62,0,0.0
Defiance,1132131.0,213,0,0.0
Del Norte,102255.0,32,0,0.0
Delaware,6220942.0,29546,734,0.024842618290123873
Delta,1258883.0,295,21,0.0711864406779661
Denton,1684235.0,8689,190,0.02186672804695592
Denver,353364.0,23358,717,0.03069612124325713
Des Moines,457368.0,74,0,0.0
Deschutes,1599663.0,1073,0,0.0
Desha,171394.0,116,0,0.0
Deuel,1012858.0,22,0,0.0
Dewey,480516.0,16,0,0.0
Dickens,529375.0,13,0,0.0
Dickinson,1033379.0,70,24,0.34285714285714286
Dickson,1411290.0,613,0,0.0
Dillon,1305957.0,90,0,0.0
Dimmit,385016.0,8,0,0.0
Dinwiddie,612636.0,61,0,0.0
District of Columbia,473043.0,31105,813,0.02613727696511815
Divide,836506.0,22,0,0.0
Dixie,180435.0,27,0,0.0
Dodge,3373460.0,1012,5,0.004940711462450593
Doniphan,521118.0,26,0,0.0
Donley,818193.0,258,0,0.0
Dooly,261860.0,671,30,0.044709388971684055
Door,1100580.0,119,5,0.04201680672268908
Dorchester,1828427.0,1293,16,0.01237432327919567
Dougherty,458325.0,20161,1238,0.06140568424185308
Douglas,10004588.0,15779,353,0.02237150643260029
Do√±a Ana,1050390.0,895,7,0.00782122905027933
Drew,126075.0,104,9,0.08653846153846154
DuPage,613548.0,19916,788,0.03956617794737899
Dubois,486999.0,181,0,0.0
Dubuque,590891.0,665,26,0.039097744360902256
Duchesne,784208.0,39,0,0.0
Dukes,625175.0,177,0,0.0
Dunklin,872070.0,239,6,0.02510460251046025
Dunn,2639640.0,191,0,0.0
Duplin,926525.0,203,0,0.0
Durham,1260142.0,5411,23,0.004250600628349658
Dutchess,1369026.0,29344,464,0.015812431842966195
Duval,697833.0,11417,237,0.02075851799947447
Dyer,1458395.0,295,0,0.0
Eagle,353628.0,9159,113,0.01233759144011355
Early,406069.0,2013,99,0.04918032786885246
East Baton Rouge,727089.0,18722,747,0.039899583377844244
East Carroll,484770.0,22,0,0.0
East Feliciana,528888.0,1006,43,0.042743538767395624
Eastland,1203325.0,72,0,0.0
Eaton,807395.0,1253,59,0.047086991221069435
Eau Claire,1706085.0,430,0,0.0
Echols,170313.0,30,0,0.0
Ector,1010835.0,645,21,0.03255813953488372
Eddy,1483807.0,140,25,0.17857142857142858
Edgecombe,815430.0,358,10,0.027932960893854747
Edgefield,1306073.0,152,0,0.0
Edmonson,400159.0,103,0,0.0
Effingham,678977.0,392,24,0.061224489795918366
El Dorado,174493.0,612,0,0.0
El Paso,2135021.0,15790,723,0.04578847371754275
Elbert,442811.0,322,15,0.046583850931677016
Elk,504564.0,24,0,0.0
Elkhart,523131.0,1322,54,0.04084720121028744
Elko,992217.0,198,15,0.07575757575757576
Ellis,1748995.0,1140,41,0.035964912280701755
Elmore,359667.0,964,2,0.002074688796680498
Emanuel,249033.0,108,0,0.0
Emery,784240.0,36,0,0.0
Emmet,729316.0,310,34,0.10967741935483871
Emmons,532406.0,14,12,0.8571428571428571
Emporia city,825520.0,80,0,0.0
Erath,1203575.0,167,16,0.09580838323353294
Erie,3654732.0,27609,1171,0.04241370567568546
Escambia,433341.0,3953,49,0.012395648874272705
Essex,4149116.0,170937,8116,0.04747948074436781
Etowah,26375.0,1053,90,0.08547008547008547
Evangeline,639131.0,575,0,0.0
Evans,91763.0,13,0,0.0
Fairbanks North Star Borough,71060.0,1402,23,0.016405135520684736
Fairfax,2195537.0,16356,299,0.018280753240401074
Fairfax city,877200.0,20,0,0.0
Fairfield,2924538.0,96437,3963,0.04109418584153385
Fall River,966987.0,21,0,0.0
Falls,1251770.0,26,0,0.0
Falls Church city,309660.0,12,0,0.0
Fannin,1785296.0,282,0,0.0
Faribault,621989.0,68,0,0.0
Faulk,1059127.0,23,0,0.0
Faulkner,161440.0,1188,23,0.01936026936026936
Fauquier,1225464.0,404,0,0.0
Fayette,8360959.0,8012,340,0.042436345481777334
Fentress,940980.0,42,0,0.0
Ferry,1325475.0,25,0,0.0
Fillmore,811350.0,223,0,0.0
Finney,421155.0,244,5,0.020491803278688523
Flagler,336980.0,818,24,0.029339853300733496
Flathead,930899.0,616,6,0.00974025974025974
Fleming,168552.0,15,0,0.0
Florence,2121748.0,1251,132,0.10551558752997602
Floyd,2655052.0,3764,149,0.039585547290116894
Fluvanna,1429820.0,466,0,0.0
Fond du Lac,2146521.0,1152,55,0.04774305555555555
Ford,985888.0,426,12,0.028169014084507043
Forest,714901.0,77,0,0.0
Forrest,1093365.0,1595,25,0.01567398119122257
Forsyth,1854524.0,4357,119,0.02731237089740647
Fort Bend,2215222.0,8990,171,0.019021134593993325
Foster,950775.0,25,0,0.0
Fountain,433080.0,54,20,0.37037037037037035
Franklin,18654838.0,29246,918,0.03138890788483895
Franklin city,980780.0,102,0,0.0
Frederick,2093439.0,6022,173,0.02872799734307539
Fredericksburg city,1290750.0,181,0,0.0
Freeborn,486846.0,329,0,0.0
Freestone,192644.0,6,0,0.0
Fremont,2682674.0,1048,0,0.0
Fresno,258817.0,3677,67,0.018221376121838457
Frio,529793.0,11,0,0.0
Fulton,3766469.0,28916,919,0.031781712546686956
Furnas,31065.0,1,0,0.0
Gadsden,300975.0,335,0,0.0
Gage,528139.0,328,20,0.06097560975609756
Gaines,1204125.0,31,0,0.0
Galax city,1187720.0,23,0,0.0
Gallatin,1518589.0,2683,0,0.0
Gallia,1093484.0,93,26,0.27956989247311825
Galveston,1782179.0,6068,120,0.01977587343441002
Garfield,2200936.0,1287,39,0.030303030303030304
Garland,176785.0,1479,0,0.0
Garrard,105395.0,11,0,0.0
Garrett,648621.0,94,0,0.0
Garvin,1201470.0,214,0,0.0
Gasconade,523314.0,33,0,0.0
Gaston,1186272.0,1336,40,0.029940119760479042
Gates,630241.0,50,0,0.0
Geary,280854.0,93,0,0.0
Geauga,1327870.0,1122,28,0.024955436720142603
Gem,369035.0,156,0,0.0
Genesee,1888629.0,15863,1007,0.06348105654668096
Geneva,8488.0,14,0,0.0
Gentry,377975.0,13,0,0.0
George,813131.0,132,1,0.007575757575757576
Georgetown,1216161.0,512,19,0.037109375
Gibson,1786810.0,418,0,0.0
Gila,88154.0,62,0,0.0
Gilchrist,144492.0,46,0,0.0
Giles,1605023.0,103,0,0.0
Gillespie,818907.0,32,0,0.0
Gilmer,262460.0,89,0,0.0
Gilpin,80470.0,10,0,0.0
Glacier,480560.0,43,0,0.0
Glades,252903.0,82,19,0.23170731707317074
Gladwin,729428.0,101,0,0.0
Glenn,132462.0,57,0,0.0
Gloucester,2654685.0,8301,165,0.019877123238164075
Glynn,406937.0,689,0,0.0
Gogebic,625272.0,69,24,0.34782608695652173
Golden Valley,240296.0,12,0,0.0
Goliad,818975.0,54,0,0.0
Gonzales,867186.0,28,0,0.0
Goochland,1685475.0,530,5,0.009433962264150943
Goodhue,676225.0,246,0,0.0
Gooding,288846.0,70,0,0.0
Gordon,485773.0,735,63,0.08571428571428572
Goshen,1288345.0,51,0,0.0
Gosper,683606.0,28,0,0.0
Gove,461449.0,23,0,0.0
Grady,1491070.0,436,9,0.020642201834862386
Grafton,1584432.0,1106,0,0.0
Graham,144324.0,67,0,0.0
Grainger,847026.0,63,0,0.0
Grand,1033823.0,117,0,0.0
Grand Forks,760700.0,316,0,0.0
Grand Isle,600156.0,32,0,0.0
Grand Traverse,729540.0,303,51,0.16831683168316833
Grant,8697884.0,3721,85,0.022843321687718354
Granville,1038156.0,1330,21,0.015789473684210527
Gratiot,599311.0,118,0,0.0
Graves,400577.0,187,5,0.026737967914438502
Gray,867222.0,182,0,0.0
Grays Harbor,2015026.0,162,0,0.0
Grayson,1779831.0,382,1,0.002617801047120419
Green,1904394.0,201,0,0.0
Green Lake,330282.0,6,0,0.0
Greenbrier,1242575.0,65,0,0.0
Greene,9650570.0,5144,228,0.04432348367029549
Greenlee,80220.0,28,0,0.0
Greensville,1072701.0,161,0,0.0
Greenup,295246.0,70,0,0.0
Greenville,1576575.0,5787,109,0.018835320546051495
Greenwood,1607458.0,341,0,0.0
Greer,720990.0,617,57,0.09238249594813615
Gregg,1879137.0,603,0,0.0
Grenada,813247.0,195,0,0.0
Grimes,1204625.0,115,3,0.02608695652173913
Grundy,1953349.0,641,5,0.0078003120124804995
Guadalupe,1239694.0,789,0,0.0
Guernsey,664003.0,81,0,0.0
Guilford,1186592.0,2464,131,0.053165584415584416
Gulf,216810.0,18,0,0.0
Gunnison,322040.0,2461,45,0.01828524989841528
Guthrie,381540.0,29,0,0.0
Gwinnett,564805.0,12620,351,0.027812995245641837
Habersham,289014.0,378,13,0.03439153439153439
Hale,1226025.0,347,19,0.05475504322766571
Halifax,2106901.0,392,2,0.00510204081632653
Hall,1337195.0,8026,82,0.01021679541490157
Hamblen,1411890.0,108,9,0.08333333333333333
Hamilton,6570002.0,18790,732,0.03895689196381054
Hamlin,1013254.0,25,0,0.0
Hampden,875455.0,25016,1662,0.06643748001279182
Hampshire,1369762.0,3625,59,0.016275862068965516
Hampton,765833.0,125,0,0.0
Hampton city,1239600.0,1015,12,0.011822660098522168
Hancock,5489179.0,3296,158,0.047936893203883495
Hanover,1941230.0,633,0,0.0
Hansford,578340.0,12,0,0.0
Haralson,315432.0,280,6,0.02142857142857143
Hardee,216882.0,45,0,0.0
Hardeman,1035518.0,116,0,0.0
Hardin,4122439.0,1354,32,0.023633677991137372
Hardy,1026589.0,40,0,0.0
Harford,1009050.0,2011,1,0.0004972650422675286
Harnett,1335060.0,804,41,0.05099502487562189
Harper,40059.0,1,0,0.0
Harris,2523960.0,54173,700,0.01292156609381057
Harrison,6263873.0,4630,129,0.027861771058315336
Harrisonburg city,1911420.0,1333,0,0.0
Hart,555569.0,90,0,0.0
Hartford,324108.0,31447,1946,0.061881896524310746
Harvey,461817.0,71,0,0.0
Haskell,80122.0,3,0,0.0
Hawaii,495033.0,661,0,0.0
Hawkins,1176825.0,344,24,0.06976744186046512
Hays,1735524.0,1546,6,0.0038809831824062097
Haywood,1581967.0,204,9,0.04411764705882353
Heard,394470.0,74,25,0.33783783783783783
Hemphill,723165.0,15,0,0.0
Hempstead,126425.0,68,10,0.14705882352941177
Henderson,3398316.0,1787,54,0.0302182428651371
Hendricks,758646.0,5116,151,0.029515246286161062
Hendry,265122.0,297,0,0.0
Hennepin,1028014.0,9724,527,0.05419580419580419
Henrico,1685871.0,5990,549,0.09165275459098497
Henry,5782582.0,6094,119,0.0195274040039383
Herkimer,1369634.0,665,33,0.04962406015037594
Hernando,373643.0,1204,22,0.018272425249169437
Hertford,927275.0,94,14,0.14893617021276595
Hickman,847458.0,32,0,0.0
Hidalgo,1288613.0,2843,18,0.006331340133661625
Highland,1015846.0,109,0,0.0
Highlands,349595.0,918,74,0.08061002178649238
Hill,1715365.0,143,3,0.02097902097902098
Hillsborough,1746178.0,20587,463,0.02248992082382086
Hillsdale,677534.0,1149,103,0.08964316797214969
Hinds,981715.0,4347,31,0.007131354957441914
Hinsdale,233537.0,41,0,0.0
Hocking,312584.0,25,0,0.0
Hockley,1446570.0,258,16,0.06201550387596899
Hoke,1186976.0,295,0,0.0
Holmes,1892261.0,819,53,0.06471306471306472
Holt,116348.0,4,0,0.0
Honolulu,660132.0,6725,78,0.011598513011152417
Hood,1109083.0,249,24,0.0963855421686747
Hood River,1107729.0,73,0,0.0
Hopewell city,1136740.0,221,0,0.0
Hopkins,1712143.0,1326,107,0.08069381598793364
Horry,1576785.0,2254,136,0.06033717834960071
Hot Spring,131534.0,144,0,0.0
Hot Springs,1288391.0,31,0,0.0
Houghton,521220.0,26,0,0.0
Houston,2146853.0,2738,163,0.059532505478451424
Howard,2829747.0,7292,175,0.023998902907295668
Howell,494547.0,56,0,0.0
Hudson,1394697.0,116037,3416,0.029438885872609597
Huerfano,209430.0,26,0,0.0
Hughes,1243755.0,79,0,0.0
Humboldt,1059643.0,1303,6,0.004604758250191865
Humphreys,1736205.0,222,25,0.11261261261261261
Hunt,1205775.0,269,11,0.040892193308550186
Hunterdon,1156646.0,5350,126,0.02355140186915888
Huntingdon,925342.0,139,0,0.0
Huntington,415587.0,101,17,0.16831683168316833
Huron,1849913.0,328,20,0.06097560975609756
Hutchinson,1736969.0,90,0,0.0
Hyde,276414.0,6,0,0.0
Iberia,683395.0,2160,84,0.03888888888888889
Iberville,683457.0,3453,209,0.06052707790327252
Idaho,401225.0,56,0,0.0
Imperial,180750.0,1785,29,0.016246498599439777
Independence,156953.0,125,0,0.0
Indian River,373891.0,1354,12,0.008862629246676515
Indiana,1009512.0,507,10,0.01972386587771203
Ingham,990470.0,4309,55,0.012763982362497098
Inyo,150675.0,261,1,0.0038314176245210726
Ionia,625608.0,242,21,0.08677685950413223
Iosco,651725.0,80,15,0.1875
Iowa,1815410.0,227,0,0.0
Iredell,1224201.0,1194,16,0.01340033500837521
Iron,2822484.0,294,23,0.0782312925170068
Iroquois,392725.0,141,0,0.0
Irwin,342030.0,199,0,0.0
Isabella,677898.0,546,57,0.1043956043956044
Isanti,568239.0,71,0,0.0
Island,2068131.0,3406,128,0.037580739870816206
Isle of Wight,1481697.0,627,0,0.0
Itasca,541220.0,37,0,0.0
Itawamba,813653.0,172,2,0.011627906976744186
Izard,65845.0,19,0,0.0
Jack,482370.0,23,0,0.0
Jackson,15802817.0,13651,401,0.029375137352574902
James City,1941610.0,2843,97,0.03411888849806542
Jasper,5022263.0,1505,42,0.027906976744186046
Jay,325350.0,78,0,0.0
Jeff Davis,210576.0,27,0,0.0
Jefferson,18878860.0,124061,4687,0.03777980187165991
Jefferson Davis,831975.0,642,45,0.07009345794392523
Jenkins,289630.0,135,11,0.08148148148148149
Jennings,578528.0,898,1,0.0011135857461024498
Jerauld,460730.0,29,0,0.0
Jerome,321060.0,417,21,0.050359712230215826
Jersey,273328.0,83,0,0.0
Jessamine,591164.0,467,0,0.0
Jewell,301335.0,34,0,0.0
Jim Wells,868482.0,33,0,0.0
Jo Daviess,478380.0,156,0,0.0
Johnson,8299958.0,16355,591,0.03613573830632834
Johnston,1610183.0,1346,89,0.06612184249628529
Jones,2483215.0,933,8,0.00857449088960343
Josephine,1189957.0,335,8,0.023880597014925373
Juab,784368.0,29,0,0.0
Juneau,1376425.0,118,7,0.059322033898305086
Juneau City and Borough,56970.0,321,0,0.0
Juniata,1093742.0,523,0,0.0
Kalamazoo,704079.0,1509,101,0.06693174287607687
Kalkaska,678054.0,236,34,0.1440677966101695
Kanawha,1621170.0,1427,0,0.0
Kandiyohi,649608.0,43,0,0.0
Kane,1516985.0,6810,375,0.05506607929515418
Kankakee,546912.0,3061,146,0.047696831100947405
Kansas City,0.0,5532,121,0.021872740419378162
Karnes,1158120.0,50,0,0.0
Kauai,540252.0,413,0,0.0
Kaufman,1206425.0,393,0,0.0
Kay,1402485.0,806,46,0.05707196029776675
Kearney,746376.0,50,0,0.0
Kearny,140651.0,7,0,0.0
Kemper,645587.0,197,0,0.0
Kenai Peninsula Borough,67904.0,292,2,0.00684931506849315
Kendall,1753451.0,1833,42,0.022913256955810146
Kennebec,759363.0,912,29,0.03179824561403509
Kenosha,1816947.0,2824,36,0.012747875354107648
Kent,3011910.0,12435,290,0.02332127060715722
Kenton,675744.0,1542,131,0.08495460440985733
Keokuk,420354.0,41,0,0.0
Kern,198957.0,6837,49,0.007166886061137926
Kerr,868770.0,41,0,0.0
Kershaw,1982420.0,3934,86,0.021860701576004067
Ketchikan Gateway Borough,70290.0,377,0,0.0
Kewaunee,715793.0,44,5,0.11363636363636363
Kimball,590995.0,142,0,0.0
King,2704683.0,93336,6514,0.06979086311819663
King George,1226376.0,228,0,0.0
King William,1022020.0,34,0,0.0
King and Queen,970843.0,29,0,0.0
Kingfisher,681241.0,74,0,0.0
Kings,138713.0,192,8,0.041666666666666664
Kingsbury,92154.0,2,0,0.0
Kiowa,681275.0,24,0,0.0
Kit Carson,193512.0,136,5,0.03676470588235294
Kitsap,2227470.0,2588,19,0.007341576506955177
Kittitas,2280591.0,346,0,0.0
Kittson,27069.0,1,0,0.0
Klamath,1764505.0,408,0,0.0
Kleberg,1013733.0,45,6,0.13333333333333333
Klickitat,1909404.0,294,28,0.09523809523809523
Knott,168952.0,11,0,0.0
Knox,6021905.0,3656,72,0.019693654266958426
Kodiak Island Borough,6450.0,3,0,0.0
Koochiching,460207.0,17,0,0.0
Kootenai,481650.0,905,0,0.0
Kosciusko,415955.0,289,10,0.03460207612456748
Kossuth,535052.0,28,0,0.0
La Crosse,1762016.0,544,0,0.0
La Paz,96288.0,76,4,0.05263157894736842
La Plata,217809.0,783,0,0.0
La Salle,144849.0,3,0,0.0
LaGrange,416001.0,168,12,0.07142857142857142
LaPorte,651276.0,813,52,0.06396063960639606
LaSalle,988348.0,484,24,0.049586776859504134
Labette,381881.0,213,0,0.0
Lac qui Parle,730971.0,27,0,0.0
Lackawanna,1346208.0,6428,302,0.04698195395146235
Lafayette,3186409.0,7243,230,0.031754797735744855
Lafourche,794052.0,7055,205,0.029057406094968107
Lake,5161209.0,40247,1192,0.029617114319079683
Lamar,2392276.0,1086,12,0.011049723756906077
Lamb,1062138.0,27,0,0.0
Lamoille,1250375.0,409,19,0.04645476772616137
Lampasas,772496.0,37,0,0.0
Lancaster,5118960.0,13448,583,0.04335217132659131
Lane,1354287.0,695,33,0.04748201438848921
Lanier,237114.0,73,5,0.0684931506849315
Lapeer,678262.0,1443,100,0.0693000693000693
Laramie,1848693.0,1120,4,0.0035714285714285713
Larimer,330829.0,3813,174,0.045633359559402044
Larue,485829.0,63,0,0.0
Las Animas,129136.0,29,0,0.0
Latah,289026.0,41,0,0.0
Latimer,921771.0,71,15,0.2112676056338028
Lauderdale,1553856.0,2644,169,0.06391830559757943
Laurel,528125.0,122,12,0.09836065573770492
Laurens,1399723.0,772,20,0.025906735751295335
Lavaca,1545120.0,69,0,0.0
Lawrence,6109121.0,2824,187,0.06621813031161473
Le Flore,881738.0,51,0,0.0
Le Sueur,758212.0,441,0,0.0
Lea,1015725.0,52,0,0.0
Leake,814291.0,485,5,0.010309278350515464
Leavenworth,643296.0,1341,18,0.013422818791946308
Lebanon,1304325.0,4017,17,0.004232013940751805
Lee,7292599.0,20258,851,0.04200809556718334
Leelanau,965293.0,82,0,0.0
Leflore,1039071.0,871,71,0.08151549942594719
Lehigh,1472695.0,25673,291,0.011334865422817746
Lenawee,652275.0,808,0,0.0
Lenoir,927675.0,219,0,0.0
Leon,1352116.0,1932,2,0.0010351966873706005
Leslie,295834.0,19,0,0.0
Letcher,295862.0,14,0,0.0
Levy,277725.0,114,0,0.0
Lewis,5030712.0,599,24,0.04006677796327212
Lewis and Clark,1111813.0,356,0,0.0
Lexington,1622268.0,3293,110,0.033404190707561496
Lexington city,826848.0,47,0,0.0
Liberty,2242770.0,635,0,0.0
Licking,1133581.0,1345,45,0.03345724907063197
Limestone,1247396.0,878,15,0.017084282460136675
Lincoln,15792136.0,5157,106,0.020554585999612178
Linn,3244111.0,5571,307,0.05510680308741698
Litchfield,342190.0,6759,348,0.05148690634709276
Live Oak,869346.0,51,0,0.0
Livingston,3813443.0,6406,143,0.022322822354043086
Llano,1207475.0,69,0,0.0
Logan,4874218.0,843,9,0.010676156583629894
Long,329575.0,30,0,0.0
Lonoke,122040.0,447,0,0.0
Lorain,1407348.0,3371,105,0.031148027291604864
Los Alamos,525420.0,61,0,0.0
Los Angeles,507108.0,159009,4896,0.030790709959813596
Loudon,1318940.0,322,0,0.0
Loudoun,2044280.0,5135,30,0.005842259006815969
Louisa,1736892.0,1634,4,0.0024479804161566705
Love,801700.0,37,0,0.0
Lowndes,1354778.0,1856,40,0.021551724137931036
Lubbock,1593999.0,4634,231,0.04984894259818731
Lucas,1368325.0,8314,329,0.039571806591291794
Luce,495805.0,19,0,0.0
Lumpkin,382423.0,234,0,0.0
Luna,315261.0,21,0,0.0
Lunenburg,613332.0,33,0,0.0
Luzerne,1472765.0,21070,289,0.013716184148077836
Lycoming,1052025.0,360,0,0.0
Lyman,1244295.0,39,0,0.0
Lynchburg city,1240320.0,433,0,0.0
Lynn,1062710.0,77,0,0.0
Lyon,2888755.0,960,24,0.025
Mackinac,469746.0,57,0,0.0
Macomb,965663.0,54993,3599,0.0654446929609223
Macon,3086380.0,1483,103,0.06945380984490897
Macoupin,290989.0,197,0,0.0
Madera,259677.0,691,39,0.056439942112879886
Madison,11910114.0,14993,526,0.03508303875141733
Mahaska,458952.0,90,0,0.0
Mahnomen,623001.0,23,0,0.0
Mahoning,1290267.0,7167,503,0.07018278219617692
Major,641488.0,21,5,0.23809523809523808
Malheur,779855.0,53,0,0.0
Manassas Park city,1085385.0,151,0,0.0
Manassas city,1292075.0,632,0,0.0
Manatee,591969.0,4003,234,0.05845615788158881
Manistee,678626.0,143,0,0.0
Manitowoc,826065.0,53,0,0.0
Marathon,1652190.0,235,8,0.03404255319148936
Marengo,26184.0,312,12,0.038461538461538464
Maricopa,337092.0,34579,785,0.022701639723531623
Maries,582500.0,38,0,0.0
Marin,320173.0,3642,167,0.04585392641405821
Marinette,1266725.0,60,4,0.06666666666666667
Marion,10456217.0,60278,2096,0.034772222037891105
Marlboro,1307001.0,214,0,0.0
Marquette,1754115.0,395,49,0.1240506329113924
Marshall,6508456.0,3077,61,0.019824504387390314
Martin,3955118.0,2993,108,0.03608419645840294
Mason,4884791.0,627,0,0.0
Massac,308286.0,38,0,0.0
Matagorda,1642914.0,916,67,0.07314410480349345
Matanuska-Susitna Borough,58590.0,183,5,0.0273224043715847
Mathews,1277875.0,53,0,0.0
Maui,525315.0,1356,32,0.02359882005899705
Maury,1413570.0,578,10,0.01730103806228374
Maverick,1208075.0,144,0,0.0
Mayes,1042522.0,239,35,0.14644351464435146
McClain,1242697.0,308,0,0.0
McCook,1705219.0,68,10,0.14705882352941177
McCormick,766105.0,49,12,0.24489795918367346
McCracken,549770.0,332,21,0.06325301204819277
McCreary,528675.0,94,0,0.0
McCulloch,483070.0,27,0,0.0
McCurtain,641424.0,57,0,0.0
McDonald,727975.0,66,0,0.0
McDonough,136872.0,17,0,0.0
McDowell,1576339.0,323,0,0.0
McDuffie,316536.0,350,28,0.08
McHenry,1597616.0,3947,147,0.037243476057765394
McIntosh,1457681.0,84,0,0.0
McKean,925826.0,41,0,0.0
McKenzie,723007.0,104,0,0.0
McKinley,1050930.0,2434,36,0.014790468364831553
McLean,1646686.0,1360,57,0.04191176470588235
McLennan,1545888.0,1477,39,0.026404874746106973
McLeod,406275.0,26,0,0.0
McMinn,1318996.0,96,0,0.0
McNairy,989289.0,122,0,0.0
McPherson,462599.0,213,0,0.0
Meade,1512096.0,57,10,0.17543859649122806
Meagher,721416.0,24,0,0.0
Mecklenburg,2892915.0,18199,198,0.010879718665860762
Mecosta,626568.0,161,24,0.14906832298136646
Medina,2915005.0,2291,114,0.04975993016150153
Meeker,541860.0,34,0,0.0
Meigs,1600164.0,68,0,0.0
Menard,359709.0,35,0,0.0
Mendocino,193440.0,100,0,0.0
Menifee,550290.0,73,0,0.0
Menominee,1226385.0,27,0,0.0
Merced,157222.0,940,36,0.03829787234042553
Mercer,6023977.0,24624,802,0.03256985055230669
Meriwether,343174.0,402,0,0.0
Merrick,497936.0,46,0,0.0
Merrimack,1056416.0,1243,25,0.02011263073209976
Mesa,290772.0,597,0,0.0
Miami,2219137.0,2450,283,0.11551020408163265
Miami-Dade,471354.0,117255,1598,0.013628416698648246
Middlesex,3252076.0,184209,5612,0.030465395284703788
Midland,2210982.0,1160,46,0.039655172413793106
Mifflin,883827.0,188,0,0.0
Milam,1208275.0,116,0,0.0
Millard,784432.0,56,0,0.0
Mille Lacs,81285.0,3,0,0.0
Miller,609283.0,599,0,0.0
Mills,286935.0,21,0,0.0
Milwaukee,2037923.0,31315,1326,0.04234392463675555
Miner,414873.0,9,0,0.0
Mineral,1066592.0,108,0,0.0
Mingo,378413.0,10,4,0.4
Minidoka,321340.0,74,0,0.0
Minnehaha,1843960.0,8537,23,0.002694154855335598
Missaukee,626712.0,31,23,0.7419354838709677
Mississippi,86581.0,92,0,0.0
Missoula,1082268.0,571,15,0.02626970227670753
Mitchell,2462209.0,2412,216,0.08955223880597014
Mobile,34007.0,6325,228,0.03604743083003953
Moffat,177782.0,74,0,0.0
Mohave,96360.0,549,23,0.04189435336976321
Moniteau,786645.0,114,0,0.0
Monmouth,1395025.0,62943,2036,0.032346726403253735
Mono,157326.0,434,19,0.04377880184331797
Monona,459192.0,123,0,0.0
Monongalia,1675891.0,1405,39,0.027758007117437724
Monroe,10886352.0,35077,1208,0.03443852096815577
Montague,1111751.0,46,0,0.0
Montcalm,992446.0,365,12,0.03287671232876712
Monterey,199749.0,1739,58,0.03335250143760782
Montezuma,169743.0,166,26,0.1566265060240964
Montgomery,15009668.0,74429,2073,0.027852046917196255
Montmorency,156714.0,12,0,0.0
Montour,1220697.0,618,0,0.0
Montrose,234465.0,860,61,0.07093023255813953
Moody,138303.0,3,0,0.0
Moore,2343328.0,1259,0,0.0
Morehouse,551675.0,416,18,0.04326923076923077
Morgan,6061930.0,4107,64,0.015583150718285853
Morrill,124492.0,4,0,0.0
Morris,3222224.0,50818,2384,0.046912511314888425
Morrow,1648233.0,210,0,0.0
Morton,1479565.0,474,26,0.05485232067510549
Motley,290070.0,6,0,0.0
Moultrie,291363.0,30,0,0.0
Mountrail,837342.0,381,0,0.0
Mower,840069.0,467,0,0.0
Muhlenberg,550602.0,570,13,0.02280701754385965
Multnomah,1642040.0,6339,282,0.04448651206814955
Murray,1003890.0,264,0,0.0
Muscatine,593309.0,1536,26,0.016927083333333332
Muscogee,396450.0,2137,42,0.019653720168460457
Muskegon,705267.0,1170,79,0.06752136752136752
Muskingum,938856.0,124,0,0.0
Muskogee,1122828.0,418,39,0.09330143540669857
Musselshell,571235.0,21,0,0.0
Nacogdoches,1160328.0,650,47,0.07230769230769231
Nance,93375.0,3,0,0.0
Nantucket,725551.0,187,0,0.0
Napa,320915.0,659,35,0.05311077389984825
Nash,1039556.0,551,11,0.019963702359346643
Nassau,2106215.0,410957,14591,0.03550493117284777
Natchitoches,595863.0,537,2,0.0037243947858473
Natrona,1680750.0,574,0,0.0
Navajo,132561.0,5555,102,0.018361836183618363
Navarro,1112027.0,206,31,0.15048543689320387
Nelson,2040569.0,257,0,0.0
Nemaha,964937.0,31,0,0.0
Neosho,503325.0,33,0,0.0
Neshoba,646277.0,418,5,0.011961722488038277
Nevada,313017.0,715,16,0.022377622377622378
New Castle,390117.0,13790,302,0.02189992748368383
New Hanover,1188128.0,1012,7,0.00691699604743083
New Haven,324324.0,45892,1893,0.0412490194369389
New Kent,1124794.0,208,0,0.0
New London,270330.0,2841,103,0.03625483984512495
New Madrid,495431.0,90,0,0.0
New York City,0.0,1880026,99424,0.05288437500332442
Newaygo,705321.0,88,0,0.0
Newberry,1307059.0,226,11,0.048672566371681415
Newport,1100125.0,1251,0,0.0
Newport News city,1551000.0,1334,28,0.020989505247376312
Newton,3292626.0,2181,64,0.029344337459880788
Nez Perce,401725.0,347,99,0.28530259365994237
Niagara,1081890.0,3019,49,0.016230539913878766
Nicholas,1114786.0,51,0,0.0
Nicollet,894399.0,133,10,0.07518796992481203
Niobrara,560270.0,10,0,0.0
Noble,2256727.0,440,15,0.03409090909090909
Nobles,243945.0,59,0,0.0
Nodaway,437205.0,33,0,0.0
Nome Census Area,8720.0,4,0,0.0
Norfolk,1201008.0,42814,1505,0.03515205306675387
Norfolk city,1551300.0,1508,16,0.010610079575596816
Norman,108428.0,6,0,0.0
Northampton,3755029.0,18417,369,0.02003583645544877
Northumberland,2093157.0,635,0,0.0
Nottoway,1278375.0,65,0,0.0
Nowata,882310.0,184,0,0.0
Noxubee,730678.0,154,0,0.0
Nueces,1257230.0,1332,0,0.0
Nye,960690.0,233,0,0.0
O'Brien,325397.0,50,0,0.0
Oakland,1045000.0,84747,5145,0.06071011363234097
Obion,989751.0,95,17,0.17894736842105263
Ocean,1259073.0,59292,2112,0.035620319773325235
Oceana,627048.0,62,12,0.1935483870967742
Oconee,1613541.0,913,4,0.004381161007667032
Oconto,1046577.0,45,0,0.0
Ogemaw,627096.0,69,0,0.0
Oglala Lakota,507122.0,11,0,0.0
Ogle,325679.0,303,10,0.033003300330033
Oglethorpe,251199.0,211,19,0.09004739336492891
Ohio,2140460.0,522,6,0.011494252873563218
Okaloosa,519913.0,1787,20,0.01119194180190263
Okanogan,1326175.0,215,0,0.0
Okeechobee,217674.0,75,0,0.0
Okfuskee,360963.0,9,0,0.0
Oklahoma,1484033.0,7618,308,0.04043055920189026
Okmulgee,962664.0,224,0,0.0
Oktibbeha,786940.0,686,14,0.02040816326530612
Oldham,1995591.0,314,25,0.07961783439490445
Oliver,761300.0,20,0,0.0
Olmsted,1057251.0,2532,33,0.013033175355450236
Oneida,2293820.0,3138,43,0.013702995538559592
Onondaga,1226278.0,8008,169,0.021103896103896104
Onslow,1411054.0,454,19,0.04185022026431718
Ontario,1226346.0,1001,12,0.011988011988011988
Ontonagon,78393.0,3,0,0.0
Orange,8070114.0,128672,2249,0.01747855011191246
Orangeburg,1352250.0,725,0,0.0
Oregon,349788.0,12,0,0.0
Orleans,3121232.0,100978,4509,0.04465329081582127
Osage,2049042.0,941,92,0.09776833156216791
Osborne,322256.0,31,0,0.0
Osceola,1194802.0,5939,81,0.013638659707021383
Oscoda,496565.0,56,0,0.0
Oswego,974025.0,693,14,0.020202020202020204
Otero,832855.0,145,0,0.0
Otoe,529227.0,17,0,0.0
Otsego,1836600.0,1374,75,0.05458515283842795
Ottawa,3201620.0,1821,24,0.013179571663920923
Otter Tail,569331.0,53,0,0.0
Ouachita,726868.0,5639,90,0.015960276644795178
Ouray,121365.0,54,10,0.18518518518518517
Outagamie,1872958.0,512,27,0.052734375
Overton,1225458.0,95,0,0.0
Owen,561689.0,364,9,0.024725274725274724
Owsley,148323.0,14,0,0.0
Owyhee,337533.0,58,0,0.0
Oxford,759561.0,293,0,0.0
Ozaukee,1707759.0,1474,174,0.11804613297150611
Pacific,477441.0,9,0,0.0
Page,1431121.0,148,0,0.0
Palm Beach,459762.0,27567,1363,0.04944317481046179
Palo Pinto,822171.0,57,8,0.14035087719298245
Pamlico,779877.0,75,0,0.0
Panola,1637308.0,614,43,0.07003257328990228
Park,2783288.0,276,0,0.0
Parke,289936.0,89,0,0.0
Parker,1257542.0,211,0,0.0
Pasco,484040.0,2738,57,0.020818115412710007
Pasquotank,1114170.0,230,0,0.0
Passaic,1429302.0,91977,1973,0.021451014927644955
Paulding,958207.0,1629,40,0.024554941682013505
Pawnee,1323861.0,525,37,0.07047619047619047
Payette,401875.0,137,11,0.08029197080291971
Payne,1404165.0,547,0,0.0
Peach,409975.0,411,34,0.0827250608272506
Pearl River,1040033.0,1537,81,0.052700065061808715
Pecos,628823.0,29,0,0.0
Pemiscot,758030.0,111,0,0.0
Pend Oreille,901867.0,19,0,0.0
Pender,519974.0,55,0,0.0
Pendleton,1279454.0,67,0,0.0
Pennington,1244781.0,159,2,0.012578616352201259
Penobscot,736608.0,609,0,0.0
Peoria,582862.0,452,16,0.035398230088495575
Perquimans,817146.0,73,0,0.0
Perry,5415894.0,1500,38,0.025333333333333333
Person,854335.0,142,0,0.0
Petersburg Borough,32925.0,15,2,0.13333333333333333
Petersburg city,1034600.0,246,0,0.0
Pettis,670657.0,75,0,0.0
Phelps,815011.0,27,0,0.0
Philadelphia,1684040.0,99108,2214,0.02233926625499455
Phillips,394574.0,112,7,0.0625
Piatt,291499.0,77,0,0.0
Pickaway,978225.0,1504,12,0.007978723404255319
Pickens,1776795.0,1135,36,0.03171806167400881
Pierce,6341510.0,18670,381,0.020407070166041777
Pike,5019927.0,5220,115,0.022030651340996167
Pima,164779.0,10503,462,0.04398743216223936
Pinal,176924.0,2964,43,0.014507422402159244
Pine,298265.0,58,0,0.0
Pinellas,484120.0,8548,217,0.02538605521759476
Pipestone,379638.0,15,0,0.0
Pitkin,315783.0,1151,44,0.038227628149435276
Pitt,1114410.0,1093,9,0.008234217749313814
Pittsburg,922783.0,156,5,0.03205128205128205
Pittsylvania,1227432.0,67,0,0.0
Placer,290928.0,2579,109,0.04226444358278403
Plaquemines,684325.0,2287,154,0.06733712286838653
Platte,1414227.0,508,0,0.0
Pleasants,1243679.0,23,0,0.0
Plumas,115197.0,59,0,0.0
Plymouth,1182189.0,30884,914,0.029594612096878643
Poinsett,158441.0,155,0,0.0
Pointe Coupee,529848.0,645,32,0.04961240310077519
Polk,7610190.0,9319,236,0.025324605644382443
Pondera,120292.0,4,0,0.0
Pontotoc,1870541.0,444,26,0.05855855855855856
Pope,158565.0,435,0,0.0
Poquoson city,1241640.0,95,0,0.0
Portage,2418052.0,2303,223,0.09683022145028224
Porter,471302.0,1795,16,0.008913649025069638
Portsmouth city,1552200.0,796,31,0.038944723618090454
Posey,435096.0,106,0,0.0
Pottawatomie,1526999.0,480,30,0.0625
Pottawattamie,785355.0,241,6,0.024896265560165973
Potter,2666025.0,1142,23,0.020140105078809107
Powell,402743.0,21,0,0.0
Power,192924.0,24,0,0.0
Poweshiek,536396.0,148,23,0.1554054054054054
Powhatan,1125190.0,94,0,0.0
Prairie,81872.0,30,0,0.0
Pratt,362718.0,18,0,0.0
Preble,782700.0,196,10,0.05102040816326531
Prentiss,702925.0,219,0,0.0
Presque Isle,365974.0,23,0,0.0
Preston,1406002.0,112,0,0.0
Price,440792.0,8,0,0.0
Prince Edward,1943586.0,163,8,0.049079754601226995
Prince George,1227576.0,411,0,0.0
Prince George's,985353.0,30922,780,0.025224759071211435
Prince William,1943814.0,6736,18,0.002672209026128266
Prince of Wales-Hyder Census Area,17584.0,13,0,0.0
Providence,1100175.0,22951,271,0.011807764367565683
Prowers,80990.0,10,0,0.0
Pueblo,299737.0,1060,65,0.06132075471698113
Pulaski,3296584.0,6214,206,0.0331509494689411
Putnam,5569197.0,11920,370,0.03104026845637584
Quay,280296.0,9,0,0.0
Queen Anne's,648945.0,308,5,0.016233766233766232
Quitman,886680.0,238,4,0.01680672268907563
Rabun,251579.0,94,0,0.0
Racine,2038737.0,1800,59,0.03277777777777778
Radford city,1242000.0,24,0,0.0
Rains,435411.0,13,0,0.0
Raleigh,1352025.0,107,0,0.0
Ralls,729325.0,25,0,0.0
Ramsey,2335542.0,2756,103,0.03737300435413643
Randall,1112763.0,962,27,0.028066528066528068
Randolph,4082953.0,3850,173,0.04493506493506493
Rankin,843630.0,1848,35,0.01893939393939394
Rapides,662370.0,2807,98,0.034912718204488775
Rappahannock,613884.0,12,0,0.0
Ravalli,872349.0,67,0,0.0
Ray,671071.0,104,0,0.0
Red Lake,189875.0,7,0,0.0
Red River,608862.0,143,22,0.15384615384615385
Red Willow,62290.0,2,0,0.0
Redwood,352651.0,13,0,0.0
Reno,604650.0,247,0,0.0
Rensselaer,1190739.0,2176,74,0.03400735294117647
Renville,976644.0,61,0,0.0
Republic,282198.0,46,0,0.0
Reynolds,583580.0,40,0,0.0
Rhea,188572.0,4,0,0.0
Rice,868192.0,105,2,0.01904761904761905
Richland,5482117.0,9285,183,0.019709208400646203
Richmond,2072995.0,2533,86,0.033951835767864195
Richmond city,1656320.0,2560,63,0.024609375
Riley,604830.0,338,0,0.0
Rio Arriba,875975.0,149,0,0.0
Rio Blanco,129648.0,16,0,0.0
Rio Grande,194520.0,116,0,0.0
Ripley,1149818.0,1465,45,0.030716723549488054
Riverside,260795.0,26698,774,0.028990935650610533
Roane,2448945.0,148,0,0.0
Roanoke,1279025.0,214,0,0.0
Roanoke city,1190710.0,300,0,0.0
Roberts,1113468.0,76,0,0.0
Robertson,2718579.0,1544,0,0.0
Robeson,1040340.0,157,0,0.0
Rock,1843081.0,916,45,0.04912663755458515
Rock Island,480508.0,1533,36,0.023483365949119372
Rockbridge,1381401.0,68,0,0.0
Rockcastle,402857.0,107,0,0.0
Rockdale,410657.0,1767,64,0.03621958121109225
Rockingham,3558248.0,7220,83,0.01149584487534626
Rockland,1587828.0,135837,2485,0.018293984702253435
Rockwall,1161528.0,357,0,0.0
Rogers,842751.0,379,9,0.023746701846965697
Rolette,304632.0,8,0,0.0
Rooks,241956.0,27,0,0.0
Roosevelt,1738578.0,81,0,0.0
Roscommon,732004.0,125,0,0.0
Roseau,325620.0,12,0,0.0
Ross,782820.0,244,0,0.0
Routt,299959.0,735,10,0.013605442176870748
Rowan,1284410.0,2124,69,0.03248587570621469
Rush,453475.0,257,16,0.0622568093385214
Rusk,2430544.0,327,2,0.0061162079510703364
Russell,1095929.0,467,4,0.008565310492505354
Rutherford,2487733.0,4574,95,0.020769567118495848
Rutland,1500630.0,614,3,0.004885993485342019
Sabine,947815.0,154,0,0.0
Sacramento,351886.0,13034,473,0.0362897038514654
Sagadahoc,667667.0,293,4,0.013651877133105802
Saginaw,758205.0,4111,162,0.03940647044514717
Saguache,154071.0,53,0,0.0
Salem,952924.0,972,54,0.05555555555555555
Salem city,880175.0,34,0,0.0
Saline,1548930.0,1155,34,0.02943722943722944
Salt Lake,2647890.0,19905,100,0.005023863350916855
Saluda,1397511.0,115,0,0.0
Sampson,1226379.0,166,0,0.0
San Augustine,871290.0,131,16,0.12213740458015267
San Benito,224553.0,732,49,0.06693989071038252
San Bernardino,212485.0,13635,495,0.036303630363036306
San Diego,419037.0,33753,750,0.022220247089147632
San Francisco,467775.0,16983,246,0.01448507330860272
San Jacinto,1016547.0,79,0,0.0
San Joaquin,243080.0,5863,297,0.05065666041275797
San Juan,3651724.0,2942,75,0.02549286199864038
San Luis Obispo,218844.0,2559,15,0.005861664712778429
San Mateo,291888.0,14214,406,0.028563388208808216
San Miguel,1329847.0,240,0,0.0
San Patricio,1210225.0,120,0,0.0
Sanborn,368888.0,18,0,0.0
Sandoval,1261548.0,3310,53,0.016012084592145016
Sandusky,1056861.0,177,19,0.10734463276836158
Sangamon,618012.0,822,63,0.07664233576642336
Sanilac,653775.0,370,33,0.0891891891891892
Sanpete,49039.0,3,0,0.0
Santa Barbara,212905.0,4983,35,0.0070238811960666265
Santa Clara,480715.0,33490,1187,0.035443415945058225
Santa Cruz,386454.0,1970,25,0.012690355329949238
Santa Fe,1366911.0,1523,0,0.0
Santa Rosa,545085.0,1767,86,0.04867006225240521
Sarasota,460370.0,3990,220,0.05513784461152882
Saratoga,1551913.0,4165,23,0.005522208883553421
Sargent,342729.0,9,0,0.0
Sarpy,1028049.0,771,0,0.0
Sauk,1708441.0,502,48,0.09561752988047809
Saunders,810030.0,100,0,0.0
Sawyer,551130.0,15,0,0.0
Schenectady,1335441.0,3879,178,0.04588811549368394
Schley,264980.0,185,13,0.07027027027027027
Schoharie,1118945.0,276,0,0.0
Schoolcraft,339989.0,27,0,0.0
Schuyler,965824.0,98,0,0.0
Schuylkill,1178996.0,2849,26,0.009126009126009126
Scioto,508885.0,45,0,0.0
Scotland,1391008.0,147,0,0.0
Scott,6458564.0,4161,76,0.0182648401826484
Scotts Bluff,654297.0,183,0,0.0
Screven,251769.0,101,4,0.039603960396039604
Scurry,484150.0,18,0,0.0
Searcy,158999.0,133,0,0.0
Sebastian,159061.0,206,0,0.0
Sedgwick,625363.0,3101,36,0.011609158336020638
Seminole,1647817.0,5089,51,0.01002161524857536
Seneca,1664556.0,377,24,0.0636604774535809
Sequatchie,848754.0,35,0,0.0
Sequoyah,963240.0,155,32,0.2064516129032258
Sevier,1958557.0,526,2,0.0038022813688212928
Seward,678326.0,123,0,0.0
Sharkey,646875.0,55,0,0.0
Sharp,87295.0,28,0,0.0
Shasta,249649.0,429,55,0.1282051282051282
Shawano,826725.0,65,0,0.0
Shawnee,504425.0,1091,67,0.0614115490375802
Sheboygan,2039329.0,640,30,0.046875
Shelby,6402576.0,27975,519,0.018552278820375336
Shenandoah,1279275.0,346,8,0.023121387283236993
Sherburne,732807.0,206,0,0.0
Sheridan,2185287.0,293,0,0.0
Sherman,760395.0,33,0,0.0
Shiawassee,627720.0,773,12,0.015523932729624839
Sibley,651432.0,24,0,0.0
Silver Bow,1113441.0,266,0,0.0
Simpson,1367221.0,412,24,0.05825242718446602
Sioux,1374546.0,158,0,0.0
Siskiyou,176697.0,107,0,0.0
Skagit,2122280.0,4172,110,0.026366251198465963
Skamania,1220357.0,44,0,0.0
Slope,609392.0,41,0,0.0
Smith,3800910.0,2234,50,0.022381378692927483
Smyth,1023460.0,124,0,0.0
Snohomish,4722429.0,42483,1394,0.03281312525010004
Snyder,926398.0,261,19,0.07279693486590039
Socorro,1367067.0,228,2,0.008771929824561403
Solano,335225.0,2793,29,0.010383100608664519
Somerset,3432732.0,27481,1249,0.045449583348495325
Sonoma,323141.0,3020,39,0.012913907284768211
Southampton,1228200.0,97,0,0.0
Southeast Fairbanks Census Area,35840.0,16,0,0.0
Spalding,397650.0,1258,67,0.05325914149443561
Spartanburg,1893486.0,2623,50,0.019062142584826535
Spencer,923734.0,141,0,0.0
Spink,783955.0,46,0,0.0
Spokane,2918465.0,5397,246,0.045580878265703166
Spotsylvania,1842372.0,746,0,0.0
St. Bernard,773045.0,5899,170,0.02881844380403458
St. Charles,1751149.0,11731,576,0.04910067342937516
St. Clair,1940099.0,6665,207,0.03105776444111028
St. Croix,1653270.0,190,0,0.0
St. Francis,102460.0,549,0,0.0
St. Francois,788049.0,358,11,0.030726256983240222
St. Helena,419729.0,185,3,0.016216216216216217
St. James,684883.0,3548,181,0.05101465614430665
St. John the Baptist,795420.0,8668,652,0.07521919704660822
St. Johns,472251.0,3248,56,0.017241379310344827
St. Joseph,1230479.0,3788,64,0.01689545934530095
St. Landry,685007.0,1690,158,0.09349112426035502
St. Lawrence,1010492.0,1380,10,0.007246376811594203
St. Louis,2042100.0,28070,702,0.02500890630566441
St. Louis city,944320.0,9592,290,0.030233527939949958
St. Lucie,351219.0,2493,120,0.048134777376654635
St. Martin,596673.0,2329,131,0.056247316444826105
St. Mary,640929.0,1751,42,0.023986293546544833
St. Mary's,673036.0,1236,10,0.008090614886731391
St. Tammany,817811.0,14317,596,0.04162883285604526
Stafford,2163971.0,1382,7,0.005065123010130246
Stanislaus,237861.0,2375,27,0.01136842105263158
Stanly,1115010.0,240,12,0.05
Stanton,546480.0,29,0,0.0
Stark,2668039.0,3246,230,0.07085643869377696
Starke,471874.0,124,6,0.04838709677419355
Starr,1113821.0,124,0,0.0
Staunton city,776850.0,27,0,0.0
Ste. Genevieve,554534.0,110,13,0.11818181818181818
Stearns,1031510.0,216,0,0.0
Steele,787263.0,197,0,0.0
Stephens,1783968.0,544,19,0.034926470588235295
Stephenson,480956.0,139,0,0.0
Steuben,1428100.0,2129,69,0.032409581963363084
Stevens,2015919.0,170,6,0.03529411764705882
Stewart,959336.0,155,0,0.0
Stillwater,300950.0,10,0,0.0
Stoddard,700968.0,179,0,0.0
Stokes,631873.0,132,0,0.0
Stone,1111576.0,324,0,0.0
Story,555901.0,167,0,0.0
Strafford,957493.0,1115,0,0.0
Stutsman,419023.0,11,0,0.0
Sublette,1232770.0,22,0,0.0
Suffolk,3468276.0,438986,8788,0.020018861649346447
Suffolk city,1502200.0,706,0,0.0
Sullivan,5106190.0,7168,151,0.021065848214285716
Sully,322833.0,7,0,0.0
Summers,432712.0,8,0,0.0
Summit,3475385.0,12341,251,0.02033870837047241
Sumner,1993864.0,7795,350,0.04490057729313662
Sumter,2160568.0,8190,358,0.04371184371184371
Sunflower,787724.0,594,27,0.045454545454545456
Surry,1827372.0,208,0,0.0
Susquehanna,1010760.0,412,12,0.02912621359223301
Sussex,2306606.0,15368,660,0.04294638209266007
Sutter,152525.0,399,31,0.07769423558897243
Suwannee,278783.0,911,23,0.025246981339187707
Sweetwater,1456962.0,128,0,0.0
Swift,325812.0,12,0,0.0
Swisher,1017177.0,47,0,0.0
Switzerland,399410.0,196,0,0.0
Talbot,1082654.0,366,27,0.07377049180327869
Talladega,35872.0,541,6,0.011090573012939002
Tallahatchie,759645.0,86,2,0.023255813953488372
Tallapoosa,30321.0,1403,70,0.04989308624376337
Tama,536788.0,1270,36,0.028346456692913385
Taney,788751.0,129,10,0.07751937984496124
Tangipahoa,663150.0,4929,132,0.02678027997565429
Taos,1156815.0,325,0,0.0
Tarrant,1937560.0,13445,376,0.027965786537746375
Tate,787836.0,421,0,0.0
Tattnall,371476.0,82,0,0.0
Taylor,3161890.0,1191,44,0.036943744752308987
Tazewell,1487181.0,385,29,0.07532467532467532
Tehama,97648.0,16,0,0.0
Telfair,265420.0,137,0,0.0
Teller,219213.0,288,36,0.125
Tensas,176856.0,8,0,0.0
Terrebonne,818033.0,4057,217,0.05348779886615726
Terrell,398190.0,1847,164,0.08879263670817542
Terry,1211125.0,132,0,0.0
Teton,2372164.0,1079,0,0.0
Texas,959779.0,85,5,0.058823529411764705
Thomas,331875.0,1190,74,0.06218487394957983
Thurston,2069613.0,1667,15,0.008998200359928014
Tift,398310.0,1082,20,0.018484288354898338
Tillamook,985368.0,82,0,0.0
Tillman,602115.0,17,0,0.0
Tioga,2226426.0,509,8,0.015717092337917484
Tippah,844170.0,864,93,0.1076388888888889
Tippecanoe,562867.0,775,27,0.03483870967741935
Tipton,1923462.0,1013,3,0.0029615004935834156
Tishomingo,534679.0,30,0,0.0
Titus,775184.0,75,0,0.0
Todd,1505482.0,119,0,0.0
Tolland,279403.0,3103,309,0.09958105059619723
Tom Green,1211275.0,515,9,0.017475728155339806
Tompkins,1299924.0,2208,14,0.006340579710144928
Tooele,1667530.0,549,0,0.0
Toole,722424.0,373,59,0.1581769436997319
Toombs,318696.0,200,20,0.1
Torrance,701140.0,153,0,0.0
Towns,212496.0,70,0,0.0
Transylvania,966550.0,124,0,0.0
Traverse,515945.0,38,0,0.0
Travis,1792761.0,13418,178,0.013265762408704725
Trempealeau,937057.0,17,0,0.0
Treutlen,172679.0,13,0,0.0
Trigg,148547.0,28,0,0.0
Trimble,191007.0,12,0,0.0
Trinity,726825.0,54,0,0.0
Troup,451690.0,1048,53,0.05057251908396947
Trousdale,1037718.0,262,18,0.06870229007633588
Trumbull,1487890.0,2744,176,0.0641399416909621
Tucker,1676883.0,87,0,0.0
Tulare,232066.0,4112,175,0.042558365758754865
Tulsa,1766292.0,5681,280,0.04928709734201725
Tunica,816147.0,409,25,0.061124694376528114
Tuolumne,128289.0,26,0,0.0
Turner,1367235.0,606,8,0.013201320132013201
Tuscaloosa,41625.0,1860,0,0.0
Tuscarawas,1409652.0,488,0,0.0
Tuscola,758553.0,652,100,0.15337423312883436
Twiggs,372092.0,61,0,0.0
Twin Falls,514656.0,1176,57,0.04846938775510204
Tyler,1375995.0,79,0,0.0
Tyrrell,185885.0,17,0,0.0
Uinta,952697.0,58,0,0.0
Uintah,1128081.0,73,0,0.0
Ulster,1516662.0,10382,53,0.005104989404738971
Umatilla,1601301.0,273,0,0.0
Unicoi,1132104.0,24,0,0.0
Union,11948933.0,105241,3113,0.02957972653243508
Unknown,0.0,150369,7946,0.052843338720081935
Upshur,2752098.0,165,0,0.0
Upson,305739.0,1225,37,0.030204081632653063
Utah,1716715.0,5182,13,0.0025086839058278657
Uvalde,1114649.0,111,0,0.0
Val Verde,1163160.0,200,0,0.0
Valencia,806403.0,259,0,0.0
Valley,450380.0,50,0,0.0
Van Buren,1479936.0,1047,52,0.049665711556829036
Van Wert,861542.0,40,0,0.0
Van Zandt,1502477.0,153,21,0.13725490196078433
Vance,1003887.0,317,4,0.012618296529968454
Vanderburgh,544890.0,966,12,0.012422360248447204
Venango,884541.0,93,0,0.0
Ventura,244440.0,5997,184,0.03068200767050192
Vermilion,840006.0,518,22,0.04247104247104247
Vermillion,326970.0,47,0,0.0
Vernon,867160.0,259,5,0.019305019305019305
Victoria,1260194.0,1126,4,0.003552397868561279
Vigo,545010.0,616,48,0.07792207792207792
Vilas,1323000.0,81,0,0.0
Virginia Beach city,2124210.0,4087,36,0.008808416931734769
Volusia,521461.0,3838,95,0.024752475247524754
Wabash,623123.0,115,0,0.0
Wabasha,787553.0,150,0,0.0
Wabaunsee,282758.0,14,0,0.0
Wagoner,1043770.0,1222,78,0.06382978723404255
Wahkiakum,796035.0,29,0,0.0
Wake,1747601.0,8402,9,0.0010711735301118781
Wakulla,254709.0,148,7,0.0472972972972973
Waldo,598702.0,341,30,0.08797653958944282
Walker,1499317.0,1973,0,0.0
Walla Walla,2547408.0,389,0,0.0
Waller,1017933.0,247,0,0.0
Wallowa,780197.0,20,0,0.0
Walsh,1028673.0,53,0,0.0
Walthall,872557.0,331,0,0.0
Walton,720617.0,1255,33,0.026294820717131476
Walworth,2031840.0,726,13,0.01790633608815427
Wapello,517833.0,72,0,0.0
Ward,1485939.0,384,7,0.018229166666666668
Ware,332475.0,839,66,0.07866507747318235
Warren,10488334.0,10333,386,0.037356043743346556
Warrick,472498.0,567,25,0.04409171075837742
Wasatch,1667734.0,1879,8,0.004257583821181479
Wasco,985560.0,169,0,0.0
Waseca,950635.0,89,0,0.0
Washakie,1288989.0,68,0,0.0
Washburn,275645.0,5,0,0.0
Washington,26674004.0,26784,572,0.021356033452807646
Washita,40149.0,1,0,0.0
Washoe,1441395.0,7787,173,0.022216514703993835
Washtenaw,994118.0,13135,318,0.02421012561857632
Watauga,1301615.0,182,0,0.0
Watonwan,543300.0,69,0,0.0
Waukesha,2150187.0,4055,109,0.02688039457459926
Waupaca,1268105.0,58,22,0.3793103448275862
Waushara,716781.0,23,0,0.0
Wayne,9915889.0,199552,10879,0.054517118345093006
Waynesboro city,984580.0,76,0,0.0
Weakley,1085209.0,85,0,0.0
Webb,1551328.0,3008,125,0.041555851063829786
Weber,1962280.0,1686,19,0.011269276393831554
Webster,3542884.0,1576,77,0.04885786802030457
Weld,300551.0,13129,752,0.057277782009292406
Wells,654444.0,74,0,0.0
West Baton Rouge,685751.0,1110,139,0.12522522522522522
West Carroll,287599.0,39,0,0.0
West Feliciana,508875.0,674,0,0.0
Westchester,1661474.0,375701,7617,0.020274100947295856
Westmoreland,2125087.0,3766,135,0.035847052575677114
Wetzel,1136163.0,49,0,0.0
Wexford,758785.0,120,8,0.06666666666666667
Wharton,1212025.0,400,0,0.0
Whatcom,2122920.0,5130,392,0.07641325536062378
Wheeler,292798.0,38,0,0.0
White,2046152.0,847,0,0.0
White Pine,320330.0,22,0,0.0
Whiteside,601825.0,423,29,0.06855791962174941
Whitfield,439329.0,492,45,0.09146341463414634
Whitley,651794.0,229,14,0.0611353711790393
Whitman,1486100.0,264,0,0.0
Wichita,1551520.0,1074,5,0.004655493482309125
Wicomico,745395.0,792,22,0.027777777777777776
Wilbarger,242435.0,5,0,0.0
Wilcox,281260.0,653,2,0.0030627871362940277
Wilkes,1039592.0,190,17,0.08947368421052632
Wilkin,652008.0,88,16,0.18181818181818182
Wilkinson,1125928.0,919,71,0.07725788900979326
Will,584698.0,19195,886,0.04615785360771034
Willacy,1115247.0,101,15,0.1485148514851485
Williams,1389902.0,166,4,0.024096385542168676
Williamsburg,1127225.0,246,0,0.0
Williamsburg city,1710390.0,344,28,0.08139534883720931
Williamson,4225495.0,8385,124,0.014788312462731067
Wilson,4017419.0,3509,53,0.015104018238814477
Winchester city,1088640.0,288,0,0.0
Windham,1730190.0,1928,31,0.016078838174273857
Windsor,1800972.0,639,42,0.06572769953051644
Winkler,436455.0,15,0,0.0
Winn,553175.0,147,25,0.17006802721088435
Winnebago,2836496.0,2057,93,0.04521147301895965
Winneshiek,614112.0,103,0,0.0
Winona,679225.0,521,74,0.1420345489443378
Winston,898988.0,441,0,0.0
Wirt,1136205.0,29,0,0.0
Wise,1789060.0,219,13,0.0593607305936073
Wood,5251402.0,1313,48,0.03655750190403656
Woodbury,537404.0,295,0,0.0
Woodford,1107805.0,417,0,0.0
Woodruff,133822.0,26,0,0.0
Woods,80302.0,2,0,0.0
Woodson,525382.0,68,0,0.0
Woodward,682601.0,17,0,0.0
Worcester,1772544.0,31950,889,0.02782472613458529
Worth,990726.0,1408,61,0.04332386363636364
Wright,2119125.0,478,8,0.016736401673640166
Wyandot,940200.0,162,18,0.1111111111111111
Wyandotte,767942.0,5176,371,0.07167697063369398
Wyoming,2473266.0,692,29,0.04190751445086705
Wythe,1075137.0,96,0,0.0
Yadkin,781137.0,164,4,0.024390243902439025
Yakima,2016926.0,9494,358,0.037708026121761114
Yalobusha,675864.0,228,0,0.0
Yamhill,1437485.0,609,91,0.14942528735632185
Yankton,1014970.0,334,0,0.0
Yates,614091.0,62,0,0.0
Yavapai,124775.0,1104,13,0.01177536231884058
Yazoo,873053.0,883,17,0.01925254813137033
Yell,72086.0,16,0,0.0
Yellow Medicine,489114.0,36,0,0.0
Yellowstone,1114107.0,1147,1,0.0008718395815170009
Yoakum,339507.0,7,0,0.0
Yolo,268972.0,1550,71,0.045806451612903226
York,5960748.0,10640,150,0.014097744360902255
Young,1115569.0,63,4,0.06349206349206349
Yuba,177335.0,271,14,0.05166051660516605
Yukon-Koyukuk Census Area,38930.0,17,0,0.0
Yuma,380810.0,402,6,0.014925373134328358
Zapata,630565.0,39,0,0.0
Zavala,97014.0,2,0,0.0
