,Color,Price,Retail_Price,Sold,Rating,Merchant,Ad,Picture,Origin
0,white,19.04,16.66,100,3.76,4.128521127,0,0,CN
1,green,9.52,26.18,20000,3.45,3.899673276,1,0,CN
2,leopardprint,9.52,51.169999999999995,100,3.57,3.9898305080000003,0,0,CN
3,black,9.52,9.52,5000,4.03,4.02043471,1,0,CN
4,yellow,3.2368,3.57,100,3.1,4.001588178,1,0,CN
5,navyblue,4.6648,10.709999999999999,10,5.0,3.507692308,0,0,CN
6,white,8.33,7.14,50000,3.84,4.076515597,0,1,CN
7,blue,14.28,13.09,1000,3.76,3.68128655,0,0,CN
8,black,13.09,99.96,100,3.47,3.8030303030000003,1,0,CN
9,beige,6.8782,26.18,5000,3.6,3.999819299,0,0,CN
10,grey,6.8900999999999994,5.949999999999999,1000,3.46,3.956810982,0,0,CN
11,lightblue,7.14,9.52,100,3.31,3.983783784,1,0,CN
12,orange,2.2729,7.14,1000,3.45,4.123877917,1,0,CN
13,red,6.8900999999999994,49.98,1000,3.32,3.947471965,0,0,CN
14,yellow,2.38,2.38,20000,3.65,4.138885385,1,0,CN
15,Black,13.09,96.39,1000,3.92,4.066326401,0,0,CN
16,red,13.09,11.899999999999999,10000,3.72,3.9584258969999997,0,0,CN
17,white,5.949999999999999,29.75,100000,3.83,3.933581377,1,0,CN
18,blue,10.709999999999999,10.709999999999999,20000,3.82,4.081624338,0,0,CN
19,red,8.33,8.33,1000,3.67,4.062360802,0,0,CN
20,green,13.09,11.899999999999999,5000,3.84,4.25659706,0,0,CN
21,black,5.949999999999999,7.14,20000,3.6,3.981336637,0,1,CN
22,armygreen,13.09,30.939999999999998,1000,3.38,4.231842338,0,0,CN
23,armygreen,8.33,7.14,5000,3.67,4.264658502,1,0,CN
24,black,6.794899999999999,5.949999999999999,1000,3.75,4.00669222,0,0,CN
25,armygreen,10.709999999999999,38.08,1000,4.15,4.110058542,0,0,CN
26,,10.709999999999999,10.709999999999999,1000,4.03,4.229409027,0,0,US
27,white,6.7235000000000005,5.949999999999999,20000,4.29,4.017487727,0,0,CN
28,pink,2.0705999999999998,2.38,100,4.25,3.8315139489999996,1,0,CN
29,white,6.7235000000000005,7.14,1000,4.06,4.060278647,0,0,CN
30,,16.66,90.44,100,4.06,3.9682687999999993,0,1,CN
31,black,6.7235000000000005,7.14,1000,4.37,4.065905391,1,0,CN
32,khaki,9.52,8.33,1000,3.81,3.8708092489999997,0,0,CN
33,black,3.1654,3.57,5000,3.44,4.306362806,0,0,CN
34,yellow,10.709999999999999,9.52,10000,3.8,3.86754717,0,0,CN
35,white,13.09,11.899999999999999,1000,4.16,4.00014341,0,0,CN
36,blue,9.52,20.23,100,2.75,4.025364207,1,0,CN
37,navyblue,16.66,14.28,5000,4.06,4.00669222,1,0,CN
38,armygreen,6.901999999999999,9.52,100,3.83,3.9208529960000003,1,0,CN
39,pink,15.469999999999999,15.469999999999999,1000,4.16,3.981336637,0,1,CN
40,black,10.709999999999999,96.39,50000,4.26,4.105054225,0,0,CN
41,white,8.33,80.92,10,1.5,3.858942065,0,0,CN
42,black,14.28,16.66,100,3.79,4.020408163,1,0,CN
43,grey,4.3911,47.599999999999994,100,3.53,4.364843822,0,0,CN
44,white,5.949999999999999,5.949999999999999,10000,3.82,4.151395306,1,0,CN
45,armygreen,6.949599999999999,66.64,100,3.28,4.017487727,0,0,CN
46,green,19.04,16.66,10,3.0,3.548387097,0,0,CN
47,red & blue,15.469999999999999,59.5,1000,4.03,4.085704904,0,1,CN
48,white,10.709999999999999,9.52,10000,3.18,3.9085354210000003,0,0,CN
49,black,8.33,7.14,100,3.8,4.216385998,0,0,CN
50,white,13.09,23.799999999999997,100,3.43,4.174679487,0,0,CN
51,blue,6.949599999999999,13.09,1000,4.19,4.1727859689999995,0,0,CN
52,blue,1.19,13.09,1000,3.8,3.858118824,1,0,CN
53,white,13.09,71.39999999999999,1000,3.38,3.9601706969999997,1,0,CN
54,blue & pink,10.709999999999999,9.52,5000,4.03,4.10884906,1,0,CN
55,RED,7.14,66.64,1000,3.5,3.876699977,1,0,CN
56,white,1.19,11.899999999999999,100,3.56,3.8379369430000003,0,1,
57,orange,10.709999999999999,9.52,5000,4.06,3.9993714039999997,0,1,CN
58,white & green,7.14,7.14,100,4.0,3.874015748,0,0,CN
59,red,13.09,80.92,1000,4.13,4.215228076,0,0,CN
60,blue,8.33,7.14,50,4.0,4.352941176,0,0,CN
61,khaki,5.949999999999999,45.22,50,5.0,3.666666667,1,0,CN
62,yellow,3.2368,3.57,100,3.1,4.001588178,1,0,CN
63,white,6.9853,13.09,1000,3.91,4.391304348,1,0,CN
64,white,13.09,11.899999999999999,5000,3.72,4.2680022619999995,0,1,CN
65,red,9.52,11.899999999999999,100,2.71,3.892857143,0,0,CN
66,blue,16.66,79.72999999999999,1000,3.81,4.1507563030000005,0,1,CN
67,white,2.38,10.709999999999999,100,3.47,4.167627677,0,0,CN
68,yellow,9.52,8.33,10000,3.93,4.137581778,1,1,CN
69,white,6.8900999999999994,35.699999999999996,1000,3.41,4.1898438989999995,1,1,CN
70,winered,9.52,26.18,100,3.74,3.8767616069999997,1,0,CN
71,black & green,5.8786000000000005,5.949999999999999,10000,3.93,4.121483743,1,1,CN
72,orange,9.52,8.33,10000,3.82,3.872009976,0,0,CN
73,black,13.09,11.899999999999999,100,3.46,4.301120485,1,0,CN
74,black,9.52,39.269999999999996,10,5.0,4.169786096,0,0,CN
75,white,10.709999999999999,39.269999999999996,50,4.5,4.120281053,1,0,CN
76,armygreen,8.33,7.14,100,4.26,3.8379562039999997,0,1,CN
77,purple,13.09,11.899999999999999,10000,4.24,4.289673913000001,0,0,CN
78,yellow,9.52,109.47999999999999,100,3.56,3.9680610510000003,0,0,CN
79,whitefloral,6.9376999999999995,5.949999999999999,10000,4.22,4.146957347,1,1,CN
80,pink,9.52,8.33,1000,3.42,3.9652042360000004,0,0,CN
81,armygreen,6.866299999999999,5.949999999999999,100,4.0,3.9157403289999997,1,0,CN
82,grey,7.021,5.949999999999999,10000,3.64,3.951817413,0,0,CN
83,red,7.14,23.799999999999997,100,3.08,3.931195965,0,0,CN
84,green,8.33,7.14,50000,4.41,4.146957347,1,1,CN
85,pink,9.52,8.33,10000,3.7,3.9375299189999997,1,0,CN
86,black & green,14.28,13.09,1000,3.81,4.150355872,0,0,CN
87,pink,6.8782,9.52,20000,4.0,4.1841342489999995,1,0,CN
88,white,14.28,20.23,5000,3.94,3.97826087,0,0,CN
89,floral,13.09,11.899999999999999,20000,4.07,3.965700632,1,0,CN
90,pink,9.52,60.69,100,4.29,3.832535067,0,0,CN
91,black,13.09,11.899999999999999,100,3.46,4.301120485,1,0,CN
92,black,6.866299999999999,57.12,100000,4.1,4.067347648999999,0,1,CN
93,grey,10.709999999999999,9.52,20000,3.7,4.064643128999999,0,0,CN
94,fluorescentgreen,2.0467999999999997,2.38,100,3.77,3.884543646,1,0,CN
95,pink,2.2134,10.709999999999999,100,3.57,3.9430187639999996,1,0,CN
96,black,16.66,109.47999999999999,100,4.54,4.185185185,1,0,CN
97,red,4.3911,4.76,1000,3.64,4.039127646,0,0,CN
98,red,6.8900999999999994,49.98,1000,3.32,3.947471965,0,0,CN
99,orange & camouflage,13.09,35.699999999999996,100,4.11,4.2104601189999995,1,0,CN
100,red,10.709999999999999,9.52,100,3.18,3.729166667,1,0,CN
101,black,7.14,9.52,10000,3.96,3.80168428,0,1,CN
102,green,23.799999999999997,20.23,100,2.8,3.298507463,1,0,CN
103,black,6.7354,5.949999999999999,5000,3.89,4.285597736000001,0,0,CN
104,white,9.52,77.35,100,3.97,3.882845188,0,0,CN
105,lightyellow,9.52,8.33,1000,3.61,4.098557219,1,0,CN
106,grey,7.14,7.14,1000,3.82,3.8447761189999996,1,0,CN
107,black,13.09,11.899999999999999,5000,3.96,4.252711497,0,0,CN
108,white,8.33,7.14,1000,4.2,3.9433198380000003,1,0,CN
109,red,13.09,11.899999999999999,10000,3.77,4.00014341,0,0,CN
110,green,6.913899999999999,35.699999999999996,100,2.61,3.8947607000000004,0,0,CN
111,blue,16.66,14.28,10000,3.93,3.885537769,0,0,CN
112,black,5.949999999999999,60.69,10,5.0,3.9898305080000003,0,0,CN
113,coolblack,5.949999999999999,5.949999999999999,100,4.3,4.167978517,1,0,CN
114,multicolor,13.09,11.899999999999999,1000,4.12,3.851930137,0,1,CN
115,pink,14.28,79.72999999999999,10,3.67,4.008403361,0,0,CN
116,purple,6.759199999999999,5.949999999999999,10,4.5,4.5125,0,1,CN
117,black,13.09,11.899999999999999,100,4.0,4.014652015,1,0,VE
118,camouflage,20.23,17.849999999999998,10000,4.16,4.352612375,0,1,CN
119,purple,8.33,51.169999999999995,100,3.71,3.8781669969999997,0,0,CN
120,green,14.28,101.14999999999999,50,4.75,4.175438596,1,0,CN
121,black,8.33,7.14,100,5.0,3.970730702,0,0,CN
122,blue,8.33,39.269999999999996,50,3.0,4.001546268999999,0,0,CN
123,yellow,13.09,70.21,1000,4.11,4.057185406,0,1,CN
124,lightpink,14.28,51.169999999999995,100,3.59,3.9484090210000002,0,0,CN
125,yellow,15.469999999999999,60.69,5000,3.61,3.946416145,0,0,CN
126,orange,3.2368,10.709999999999999,1,5.0,3.597883598,0,0,CN
127,green,7.14,7.14,20000,3.99,4.10884906,1,0,CN
128,pink & black,10.709999999999999,66.64,100,4.03,3.714285714,1,0,US
129,yellow,5.949999999999999,5.949999999999999,50,5.0,3.75,0,0,CN
130,white,6.9734,5.949999999999999,1000,3.73,3.99301676,0,0,CN
131,green,2.38,2.38,10000,3.99,4.045170201,1,1,CN
132,grey,8.33,7.14,5000,4.38,3.9467909160000003,0,0,CN
133,black,6.7354,7.14,100,3.08,4.069015097,0,0,CN
134,pink,15.469999999999999,20.23,5000,4.11,3.9107416319999997,0,0,CN
135,yellow,9.52,8.33,5000,3.6,4.080890773999999,1,1,CN
136,grey,13.09,11.899999999999999,1000,3.78,3.896073903,1,0,CN
137,black,9.52,8.33,20000,4.05,4.168097393,0,0,CN
138,red,19.04,90.44,100,3.53,4.272058824,1,1,CN
139,silver,13.09,11.899999999999999,100,4.6,4.122996713,0,1,CN
140,white,13.09,11.899999999999999,5000,3.72,4.2680022619999995,0,1,CN
141,black,9.52,8.33,20000,4.16,4.283611137,0,0,CN
142,lightblue,16.66,14.28,1000,4.04,3.8947607000000004,1,0,CN
143,black,8.33,7.14,100,3.6,4.155279503,0,0,CN
144,pink,14.28,13.09,20000,3.89,4.153665092,1,1,CN
145,Army green,8.33,59.5,1000,3.49,4.011627907,0,0,CN
146,lightblue,2.38,66.64,100,3.07,3.696054115,1,0,CN
147,white,7.14,19.04,100,3.11,3.874032908,1,0,CN
148,lightgreen,9.52,8.33,1000,4.07,4.12568306,1,0,CN
149,,9.52,99.96,20000,3.96,4.204916348,0,0,CN
150,lightblue,9.52,29.75,5000,4.0,4.123943018,0,0,CN
151,black,13.09,26.18,1000,3.97,4.330745342,1,0,CN
152,green,4.3554,4.76,5000,3.19,3.86754717,0,0,CN
153,white,1.9991999999999999,2.38,100,3.67,3.9560649469999998,1,0,CN
154,white,15.469999999999999,13.09,100,2.5,3.774193548,0,0,CN
155,yellow,15.469999999999999,13.09,1000,3.82,4.00669222,1,0,CN
156,winered,13.09,19.04,100,2.92,3.666666667,1,0,US
157,black,8.33,10.709999999999999,1000,3.75,4.152726561000001,0,1,CN
158,purple,5.7238999999999995,90.44,10000,4.16,3.9288796610000003,0,0,CN
159,winered,10.709999999999999,9.52,5000,4.29,4.151916137,0,0,US
160,red,21.419999999999998,136.85,100,3.68,4.156666667,0,0,CN
161,khaki,8.33,7.14,5000,3.63,4.024765229,1,0,CN
162,green,19.04,16.66,10,3.0,3.548387097,0,0,CN
163,mintgreen,5.949999999999999,9.52,1000,3.06,3.9951673739999998,1,0,CN
164,black,1.9991999999999999,2.38,1000,3.76,3.942465753,1,0,CN
165,blue,8.33,7.14,100,3.81,3.772727273,1,0,CN
166,pink,7.14,8.33,50,2.67,4.058951965,0,0,CN
167,black,15.469999999999999,22.61,1000,3.76,3.941520468,1,0,CN
168,black,13.09,105.91,100,3.46,4.385691963,0,1,CN
169,grey,8.33,7.14,5000,3.29,3.8708092489999997,0,0,CN
170,pink,14.28,13.09,100,2.0,4.001131862,0,0,CN
171,black,7.14,20.23,100,4.14,4.166931638,0,0,US
172,white,7.14,20.23,5000,3.28,4.216278181,0,0,CN
173,green,9.52,8.33,100,3.89,4.080890773999999,1,1,CN
174,yellow,9.52,8.33,100,3.14,4.06741573,0,0,CN
175,pink & grey,13.09,99.96,1000,3.98,4.141021672,0,0,CN
176,pink,7.14,26.18,5000,4.04,3.9680610510000003,0,0,CN
177,black,13.09,11.899999999999999,1000,3.76,3.73553719,1,0,CN
178,gray,10.709999999999999,9.52,100,4.16,3.974555594,1,0,CN
179,black,9.52,30.939999999999998,100,3.07,3.186046512,0,0,CN
180,red,4.4982,4.76,1000,3.35,3.789601486,1,0,
181,white,9.52,8.33,100,3.89,4.101118445,0,0,CN
182,green,7.14,172.54999999999998,100,3.83,4.159492698,1,0,CN
183,white,9.52,20.23,1000,3.96,3.901345291,0,0,CN
184,black,10.709999999999999,42.839999999999996,20000,4.09,4.168345936000001,0,0,CN
185,black,6.7235000000000005,5.949999999999999,5000,4.06,4.2517214580000005,1,1,CN
186,beige,3.57,3.57,100,3.4,3.891791045,0,0,CN
187,blue,9.52,11.899999999999999,50,3.8,3.7906976739999996,0,0,CN
188,winered,6.8306,70.21,1000,3.99,4.181588105,0,0,CN
189,white,5.949999999999999,5.949999999999999,10,5.0,3.8372093019999998,0,0,CN
190,multicolor,9.52,8.33,20000,3.61,4.0383196980000005,1,0,CN
191,black,4.367299999999999,4.76,10000,4.31,4.395746934,1,1,CN
192,Army green,8.33,59.5,1000,3.49,4.011627907,0,0,CN
193,yellow,9.52,8.33,5000,3.69,4.278591462,1,0,CN
194,blue,13.09,11.899999999999999,1000,3.64,4.066326401,0,0,CN
195,lightblue,9.52,8.33,50,4.0,4.159898346,0,0,CN
196,white,26.18,201.10999999999999,1000,3.38,4.147414624,1,0,CN
197,white,9.52,8.33,10000,3.7,4.066326401,1,0,CN
198,multicolor,22.61,30.939999999999998,1000,3.01,4.159667195,1,0,CN
199,pink,13.09,11.899999999999999,1000,3.67,4.0635254519999995,0,0,CN
200,pink,7.14,7.14,1000,4.17,4.3487983980000005,0,0,CN
201,pink,8.33,66.64,5000,4.16,4.001546268999999,1,0,CN
202,white,8.33,7.14,10000,3.84,4.055029,1,0,CN
203,winered,9.52,13.09,100,2.81,3.580645161,0,0,CN
204,grey,16.66,30.939999999999998,100,3.61,4.087339201,0,0,CN
205,coffee,7.14,7.14,100,3.67,4.040595112,1,0,CN
206,black,13.09,14.28,5000,3.45,3.946308725,0,0,CN
207,rose,7.14,24.99,5000,3.18,4.11386995,0,1,CN
208,multicolor,8.33,55.93,5000,4.02,3.939481595,0,0,CN
209,black,7.14,90.44,10000,4.29,4.183387194,1,0,CN
210,red,8.33,19.04,10000,3.71,3.907168038,0,0,CN
211,red,10.709999999999999,77.35,1000,3.7,3.964719834,1,0,CN
212,yellow,9.52,11.899999999999999,50,5.0,3.874015748,0,0,CN
213,gray,13.09,99.96,100,3.61,3.8551724139999997,1,0,CN
214,light green,9.52,8.33,100000,3.76,4.052504442,1,1,CN
215,leopard,21.419999999999998,20.23,10000,4.17,4.250528861,0,0,CN
216,,13.09,35.699999999999996,10,5.0,4.2951239999999995,0,0,CN
217,white,5.7477,60.69,50,2.0,3.8245614039999998,1,0,VE
218,black & white,9.52,8.33,100,4.57,3.8147540980000003,1,0,CN
219,blue,6.961499999999999,15.469999999999999,1000,3.16,3.894736842,1,0,CN
220,red,13.09,11.899999999999999,100,3.96,4.277078086,1,0,CN
221,black,10.709999999999999,40.46,100,4.44,4.124909747,1,0,CN
222,yellow,17.849999999999998,120.19,1000,3.91,4.160274067,0,1,CN
223,white,5.949999999999999,5.949999999999999,1000,4.06,4.158237548,0,0,CN
224,pink,9.52,8.33,100,3.52,3.933581377,1,0,CN
225,black,6.771100000000001,5.949999999999999,5000,4.26,4.236471123,0,0,US
226,white & green,7.14,7.14,100,4.0,3.874015748,0,0,CN
227,black,9.52,9.52,5000,4.03,4.02043471,1,0,CN
228,white,7.14,48.79,5000,4.1,3.94922426,1,0,CN
229,orange-red,13.09,105.91,100,3.77,4.253287171,0,0,CN
230,red,2.0467999999999997,66.64,100,4.0,4.09715994,1,0,CN
231,white,6.8782,30.939999999999998,10000,3.84,3.9822485210000003,0,0,CN
232,black,13.09,11.899999999999999,5000,4.23,4.27486594,0,0,CN
233,white,14.28,13.09,1000,3.67,3.8919540230000003,0,0,CN
234,orange,9.52,49.98,1000,3.5,3.875963477,0,0,CN
235,black,2.2491,2.38,100,3.46,4.1055555560000005,0,0,CN
236,white,14.28,20.23,1000,4.21,3.9103428069999997,0,1,CN
237,pink,7.14,7.14,10000,3.6,3.9382007110000004,1,0,CN
238,navyblue,4.76,4.76,5000,4.28,4.156197709,1,0,CN
239,blue,8.33,39.269999999999996,100,2.75,3.917449487,0,1,CN
240,purple,9.52,8.33,100,3.9,4.318315377,0,1,CN
241,pink,5.949999999999999,5.949999999999999,100,4.5,3.86754717,0,0,CN
242,grey,6.949599999999999,5.949999999999999,10000,3.45,3.884543646,0,0,CN
243,grey,9.52,15.469999999999999,10000,3.99,3.975624472,0,0,CN
244,blue,22.61,24.99,5000,4.09,4.092913558999999,0,1,CN
245,black,13.09,11.899999999999999,100,3.54,4.155932203,1,1,CN
246,purple,4.5815,11.899999999999999,50,3.33,4.039473684,0,0,CN
247,purple,10.709999999999999,57.12,1000,4.01,3.748793727,1,0,CN
248,orange,9.52,10.709999999999999,7,5.0,4.052504442,0,1,CN
249,white,13.09,11.899999999999999,1000,4.0,4.004267017,0,1,CN
250,red,7.14,15.469999999999999,20000,3.85,4.0849694880000005,1,0,CN
251,orange,5.949999999999999,39.269999999999996,100000,3.98,4.036080873,0,0,CN
252,white,19.04,16.66,100,4.05,4.2178988330000005,1,0,CN
253,yellow,15.469999999999999,13.09,100,3.91,3.473684211,0,0,CN
254,navyblue,10.709999999999999,40.46,100,3.14,3.534646739,1,0,CN
255,pink,8.33,7.14,100,3.64,4.264327485,1,0,CN
256,white,7.14,7.14,20000,3.96,3.998651118,0,0,CN
257,dustypink,9.52,8.33,10000,3.71,3.965700632,1,0,CN
258,blue,5.593,20.23,100,4.0,4.00669222,1,0,CN
259,white,4.76,4.76,10000,3.45,4.149262096,1,0,CN
260,white,9.52,8.33,5000,3.57,3.945945946,1,0,CN
261,black,19.04,70.21,1000,3.5,3.89714133,1,0,CN
262,blue,13.09,11.899999999999999,100,3.29,3.732142857,0,0,CN
263,black,6.866299999999999,5.949999999999999,10000,3.85,3.975069673,0,0,CN
264,black,9.52,99.96,10000,4.19,4.187813611,0,0,CN
265,grey,16.66,15.469999999999999,100,4.5,4.047725187,0,0,CN
266,black,7.14,30.939999999999998,100,3.25,3.646464646,0,0,CN
267,yellow,15.469999999999999,13.09,100,4.0,4.032956081,1,0,CN
268,White,13.09,59.5,20000,4.22,3.967520145,0,0,CN
269,pink,4.76,4.76,5000,3.39,3.884543646,0,0,CN
270,black,6.866299999999999,19.04,1000,3.72,4.220091324,0,0,CN
271,black,10.709999999999999,59.5,20000,4.17,4.007149477,0,0,CN
272,black,13.09,19.04,10000,3.75,4.152399798,1,1,CN
273,blue,8.33,7.14,50,4.0,4.352941176,0,0,CN
274,grey,10.709999999999999,26.18,1000,4.24,4.231842338,1,0,CN
275,red,6.913899999999999,40.46,1000,3.54,4.00669222,1,0,CN
276,winered,13.09,70.21,100,3.66,4.194554147,0,0,CN
277,red,13.09,11.899999999999999,20000,3.69,4.023291043,0,1,CN
278,blue,9.52,8.33,5000,3.53,3.903585657,1,0,CN
279,white,13.09,11.899999999999999,10000,3.65,4.310432991,0,0,CN
280,white,7.14,7.14,5000,4.07,3.9085354210000003,0,0,CN
281,gray,5.949999999999999,7.14,5000,4.07,4.048355604,0,0,CN
282,purple,7.14,7.14,5000,3.92,3.92345854,1,0,CN
283,black,9.52,8.33,5000,4.02,4.105967054,1,0,CN
284,,15.469999999999999,30.939999999999998,100,4.06,4.4630635519999995,0,0,CN
285,yellow,13.09,11.899999999999999,100,3.73,4.024054983,0,0,CN
286,purple,6.7235000000000005,29.75,10000,3.65,4.017600682,0,1,CN
287,white,5.7477,60.69,50,2.0,3.8245614039999998,1,0,VE
288,white,9.52,19.04,10000,4.04,4.194270123,0,0,CN
289,black,3.57,3.57,100,4.29,3.8838095239999997,1,0,CN
290,yellow,9.52,8.33,50,3.88,3.736526946,0,0,CN
291,blue,15.469999999999999,16.66,10000,3.74,3.941090377,0,0,CN
292,star,13.09,104.72,5000,4.1,4.022153226,0,1,CN
293,pink,8.33,26.18,10,3.5,3.7602873939999997,0,0,CN
294,white,5.949999999999999,5.949999999999999,5000,3.97,3.775450844,0,0,CN
295,black,7.14,7.14,1000,3.84,3.9288796610000003,0,0,CN
296,yellow,15.469999999999999,13.09,100,4.0,4.032956081,1,0,CN
297,purple,3.57,3.57,20000,4.12,4.121483743,1,1,CN
298,white,14.28,30.939999999999998,5000,4.16,4.100615675,0,0,CN
299,black,13.09,11.899999999999999,100,3.09,3.967610845,1,0,CN
300,white & black,9.52,140.42,10000,3.85,4.024696615,0,0,CN
301,blue,6.961499999999999,15.469999999999999,1000,3.16,3.894736842,1,0,CN
302,black,7.14,7.14,100,3.07,3.9305729460000003,0,0,CN
303,black,10.709999999999999,67.83,1000,3.63,4.1430549789999995,0,0,US
304,pink,9.52,8.33,1000,3.6,3.881463803,0,0,CN
305,black,5.949999999999999,5.949999999999999,100,5.0,4.224604966,0,0,CN
306,grey,9.52,8.33,50,3.71,3.545023697,0,0,CN
307,white,10.709999999999999,9.52,20000,3.94,4.079885575,1,0,CN
308,purple,9.52,8.33,10000,3.32,4.080890773999999,1,1,CN
309,yellow,5.7238999999999995,5.949999999999999,100,5.0,4.333333333,1,0,CN
310,orange,16.66,123.75999999999999,100,3.44,3.761589404,1,0,CN
311,yellow,9.52,8.33,50,3.88,3.736526946,0,0,CN
312,yellow,9.52,30.939999999999998,100,5.0,3.65942029,0,0,CN
313,green,8.33,96.39,100,3.57,3.85661668,1,1,CN
314,white,3.57,3.57,100,3.67,4.291469816,0,0,CN
315,white,9.52,9.52,1000,3.63,4.089721749,0,0,CN
316,yellow,9.52,11.899999999999999,100,3.5,3.786324786,0,0,CN
317,blue,14.28,13.09,5000,3.34,3.681684623,0,1,CN
318,black,13.09,26.18,100,2.71,4.018766756000001,1,0,CN
319,white,9.52,8.33,100,3.0,4.484396671,1,0,CN
320,multicolor,9.52,8.33,100,4.39,4.2124031010000005,0,0,CN
321,blue,7.14,35.699999999999996,1000,3.53,3.7937336810000004,0,0,CN
322,multicolor,13.09,30.939999999999998,100,4.25,4.0549199080000005,0,1,CN
323,red,9.52,8.33,100,3.86,4.3903262089999995,1,0,CN
324,white,9.52,8.33,1000,3.58,4.014180722,0,0,CN
325,white,10.709999999999999,10.709999999999999,10000,3.74,4.2037253560000005,1,0,CN
326,pink,16.66,14.28,10,5.0,4.173049799,0,0,CN
327,red,15.469999999999999,13.09,5000,3.88,3.981073222,1,0,CN
328,white,5.7596,5.949999999999999,100,4.09,3.95148767,1,1,CN
329,purple,5.949999999999999,5.949999999999999,1000,4.11,4.044844768,0,0,CN
330,orange-red,16.66,105.91,5000,3.43,4.231746032,1,0,CN
331,grey,3.57,71.39999999999999,100,3.57,3.952,1,0,CN
332,pink,8.33,7.14,10000,3.35,3.73247336,0,0,CN
333,blue,5.949999999999999,5.949999999999999,50000,3.93,4.095287867,0,0,CN
334,yellow,10.709999999999999,9.52,100,4.07,4.336583274,0,0,US
335,black,10.709999999999999,9.52,1000,4.22,4.264658502,1,0,CN
336,apricot,9.52,13.09,1000,4.13,4.306358382,0,0,CN
337,yellow,13.09,11.899999999999999,2,2.0,3.9990613410000004,0,0,CN
338,skyblue,22.61,20.23,5000,3.77,3.9599947269999998,0,0,CN
339,yellow,9.52,29.75,10000,3.65,4.2275848410000005,0,1,CN
340,burgundy,8.33,7.14,10000,3.91,4.12487422,0,0,CN
341,red,10.709999999999999,9.52,100,3.18,3.729166667,1,0,CN
342,pink,14.28,13.09,5000,3.11,3.775450844,0,0,CN
343,purple,9.52,8.33,100,3.9,4.318315377,0,1,CN
344,armygreen,8.33,7.14,1000,3.19,4.012953645,0,1,CN
345,black,9.52,20.23,1000,3.93,3.984157052,1,0,CN
346,grey,9.52,8.33,10,5.0,3.966034959,1,0,CN
347,black,13.09,11.899999999999999,20000,4.32,4.292266187,0,0,CN
348,armygreen,13.09,35.699999999999996,1,5.0,4.0072463769999995,0,0,CN
349,pink,4.403,55.93,100,3.18,3.409470752,1,0,CN
350,black,16.66,14.28,5000,3.75,4.030461482,1,0,CN
351,multicolor,13.09,11.899999999999999,5000,4.26,4.1023209419999995,1,0,CN
352,yellow,21.419999999999998,19.04,1000,3.63,4.1460302460000005,1,0,CN
353,black,14.28,140.42,20000,4.29,4.256076907,1,0,CN
354,leopard,16.66,51.169999999999995,1000,4.05,3.8720443839999996,1,0,CN
355,black,9.52,89.25,50,4.33,4.002933166,0,0,CN
356,white,2.1063,2.38,10000,4.03,4.237547893,1,0,CN
357,grey,4.4387,10.709999999999999,5000,4.14,4.145660706,0,0,CN
358,black,9.52,26.18,100,3.92,4.049640277,0,0,CN
359,blue,21.419999999999998,32.129999999999995,5000,4.09,4.0529170610000005,1,0,CN
360,yellow,4.76,4.76,100,4.07,3.884543646,1,0,CN
361,blue,6.759199999999999,8.33,10000,3.89,4.0544803819999995,0,0,CN
362,navyblue,16.66,14.28,5000,4.06,4.00669222,1,0,CN
363,black,2.0825,7.14,50,3.0,4.069015097,1,0,CN
364,white,16.66,99.96,100,4.13,3.707891637,1,0,CN
365,claret,9.52,8.33,1000,2.75,3.956810982,1,0,CN
366,pink,7.14,10.709999999999999,10000,4.04,4.032946686,0,1,CN
367,red,7.009099999999999,5.949999999999999,5000,3.25,3.8495925489999996,0,0,CN
368,white,5.949999999999999,5.949999999999999,1000,3.77,4.288179243,1,0,CN
369,grey,3.2249,3.57,20000,4.03,4.04915735,0,0,CN
370,blue,13.09,11.899999999999999,100,5.0,4.247491639,0,0,CN
371,blue,19.04,16.66,100,4.1,4.15503184,0,0,CN
372,white,8.33,30.939999999999998,5000,4.01,4.2166949769999995,0,0,CN
373,blue,4.76,4.76,50,1.0,3.515748031,1,0,CN
374,pink,7.14,7.14,100,3.13,4.079885575,1,0,CN
375,white,9.52,20.23,10,5.0,3.625,0,0,CN
376,winered,4.76,4.76,100,4.24,3.8584998360000005,1,0,CN
377,blue,13.09,23.799999999999997,10000,3.92,3.871635276,0,0,CN
378,white,14.28,70.21,5000,3.47,4.062360802,0,0,CN
379,winered,13.09,13.09,1000,2.99,4.032864742,0,0,CN
380,blue,2.2729,2.38,10000,4.05,4.105460609,0,0,CN
381,black,6.7829999999999995,69.02,50000,3.45,4.096233745,0,0,CN
382,black,9.52,20.23,5000,4.47,4.397350993,0,0,CN
383,purple,10.709999999999999,9.52,1000,3.58,3.85688432,0,0,CN
384,grey,6.806799999999999,10.709999999999999,100,2.5,3.8994901680000003,0,0,CN
385,white,2.38,11.899999999999999,100,3.2,3.990638298,0,0,CN
386,purple,10.709999999999999,10.709999999999999,1000,4.16,3.940158528,0,0,CN
387,white,17.849999999999998,15.469999999999999,10,4.0,4.0211480360000005,0,0,CN
388,red,23.799999999999997,20.23,50,4.17,3.923076923,0,0,CN
389,white,7.14,10.709999999999999,1000,3.67,4.024242424,1,0,CN
390,black,3.57,3.57,1000,3.08,3.964591734,1,0,CN
391,red,10.709999999999999,11.899999999999999,10000,4.15,4.306990358,0,0,CN
392,black,9.52,9.52,10000,3.98,3.939481595,1,0,CN
393,whitefloral,14.28,89.25,100,2.82,3.034482759,1,0,US
394,blue,13.09,15.469999999999999,100,3.8,4.02043471,1,0,CN
395,white,10.709999999999999,26.18,100,3.3,3.95148767,1,1,CN
396,white,8.33,7.14,1000,4.33,4.32390769,0,0,CN
397,blue,7.0447999999999995,10.709999999999999,100,3.71,4.2128868,1,0,CN
398,blue,9.52,57.12,1000,4.34,4.337349398,0,0,CN
399,black,13.09,159.45999999999998,100,3.54,4.07165109,1,0,CN
400,black,9.52,8.33,10000,3.62,3.901216059,1,0,CN
401,white,17.849999999999998,136.85,50000,3.94,4.256076907,1,0,CN
402,beige,9.52,8.33,20000,3.59,4.045170201,1,1,CN
403,red,1.9991999999999999,2.38,1000,3.95,4.045170201,1,1,CN
404,beige,28.56,70.21,1000,4.21,4.3082762,1,0,CN
405,blue,6.7235000000000005,30.939999999999998,100,3.67,4.299207398,0,0,CN
406,pink & white,15.469999999999999,13.09,100,4.35,4.0476190480000005,0,0,US
407,white,19.04,126.14,100,4.07,4.233682721,0,0,CN
408,yellow,6.9376999999999995,5.949999999999999,100,4.36,3.952836128,0,0,CN
409,black,8.33,8.33,5000,3.32,4.058390695,0,0,CN
410,black,9.52,32.129999999999995,5000,3.98,4.216412924,1,0,CN
411,navyblue,16.66,14.28,5000,4.06,4.00669222,1,0,CN
412,winered,6.7235000000000005,10.709999999999999,5000,4.23,4.088904951,0,0,CN
413,lightgreen,2.142,2.38,1000,3.68,4.0413711580000005,1,0,CN
414,black,8.33,7.14,100,3.0,3.93496732,1,0,CN
415,black,2.0825,7.14,50,3.0,4.069015097,1,0,CN
416,black,10.709999999999999,128.51999999999998,1000,4.06,3.8495112910000002,0,0,CN
417,blue,14.28,13.09,1000,3.49,3.776636714,0,0,CN
418,white,9.52,8.33,1000,3.84,3.8379562039999997,0,1,CN
419,pink,5.949999999999999,5.949999999999999,100,4.5,3.86754717,0,0,CN
420,black,13.09,11.899999999999999,1000,3.74,3.954443095,1,1,CN
421,white,9.52,8.33,10000,3.54,4.00014341,0,0,CN
422,beige,8.33,7.14,100,4.0,4.039127646,0,0,CN
423,pink,7.14,15.469999999999999,1000,3.51,3.8707346730000003,0,1,CN
424,blue,7.14,26.18,1000,4.19,4.417272463,1,0,CN
425,rosered,15.469999999999999,29.75,100,3.42,3.9504034,1,1,CN
426,black,8.33,59.5,1000,4.08,3.9674841339999998,1,0,CN
427,red,15.469999999999999,13.09,1000,3.5,4.0244600980000005,1,0,CN
428,black,14.28,16.66,50,3.88,3.884615385,0,0,CN
429,red,6.794899999999999,15.469999999999999,1000,4.23,4.242653006,1,0,CN
430,white,13.09,60.69,100,3.0,4.0012774360000005,1,1,CN
431,red,4.5100999999999996,58.309999999999995,20000,3.93,4.046825383,0,0,CN
432,navyblue,9.52,11.899999999999999,100,3.39,3.682758621,0,0,CN
433,white,2.38,3.57,20000,4.09,4.04915735,0,0,CN
434,yellow,7.14,26.18,1000,3.74,4.016772973999999,0,0,CN
435,white & green,7.14,7.14,50,4.2,3.722222222,0,0,CN
436,winered,15.469999999999999,13.09,100,3.75,4.100615675,0,0,CN
437,pink,9.52,29.75,1000,4.25,3.900294695,1,0,CN
438,tan,8.33,7.14,100,5.0,5.0,0,0,AT
439,black,13.09,11.899999999999999,5000,4.05,4.064925465,0,0,CN
440,blue,13.09,180.88,1000,3.91,3.908359907,0,0,CN
441,grey,9.52,8.33,5000,3.8,4.2037253560000005,1,0,CN
442,white,1.9634999999999998,2.38,1000,3.67,3.958790237,1,0,CN
443,black,9.52,26.18,10000,3.7,4.084799278,0,0,CN
444,white,14.28,13.09,1000,3.76,4.046733668,1,0,CN
445,white,10.709999999999999,9.52,10000,3.84,4.137581778,1,1,CN
446,black,9.52,8.33,20000,3.33,3.80168428,0,1,CN
447,black,5.949999999999999,60.69,10,5.0,3.9898305080000003,0,0,CN
448,black,13.09,59.5,100,3.0,2.9411764710000003,1,0,CN
449,blue,13.09,11.899999999999999,1000,4.29,3.842469706,0,0,CN
450,red,10.709999999999999,9.52,5000,3.75,3.821185617,0,0,CN
451,armygreen,8.33,15.469999999999999,10000,3.12,3.8495112910000002,0,0,CN
452,black,7.14,7.14,100,3.93,4.04915735,0,0,CN
453,red,8.33,16.66,100,4.24,4.143965517,0,0,CN
454,white,1.9634999999999998,2.38,1000,3.67,3.958790237,1,0,CN
455,white,13.09,126.14,20000,3.92,4.068664568,1,1,CN
456,green,13.09,101.14999999999999,1000,4.08,4.334078212,1,0,CN
457,black,8.33,7.14,1000,4.12,4.061358656,0,0,CN
458,white & black,9.52,85.67999999999999,1000,4.01,3.9124758219999998,0,0,CN
459,blue,17.849999999999998,15.469999999999999,5000,3.95,4.040497479,0,0,CN
460,,10.709999999999999,54.739999999999995,100,4.86,4.228007181000001,0,0,CN
461,rosered,8.33,7.14,10000,4.41,4.101384943,0,0,CN
462,pink,13.09,11.899999999999999,100,3.08,3.689320388,1,0,CN
463,yellow,7.14,11.899999999999999,1000,3.0,3.676724138,0,0,CN
464,white & green,9.52,11.899999999999999,100,4.07,4.040650407,0,0,CN
465,lightblue,2.38,2.38,100,2.92,3.9754098360000003,1,0,CN
466,grey,9.52,15.469999999999999,100,4.04,4.231842338,0,0,CN
467,black,26.18,189.20999999999998,1000,4.04,4.097966728,0,0,CN
468,white,13.09,11.899999999999999,1000,3.89,4.193588786,0,0,CN
469,yellow,7.14,7.14,1000,3.73,3.8584998360000005,1,0,CN
470,black,7.14,45.22,5000,4.22,4.293899649,0,0,CN
471,grey,10.709999999999999,59.5,100,3.84,3.9484090210000002,1,0,CN
472,black,14.28,13.09,20000,3.64,4.138885385,1,0,CN
473,black,7.14,7.14,20000,3.71,4.073279714,1,0,CN
474,black,10.709999999999999,39.269999999999996,5000,3.81,4.166509285,0,0,CN
475,black,21.419999999999998,55.93,100,4.62,4.22662116,0,1,CN
476,orange,13.09,128.51999999999998,5000,2.95,3.8730828219999998,0,0,CN
477,black,15.469999999999999,15.469999999999999,1000,3.7,4.064476285,0,0,US
478,black,13.09,45.22,20000,3.66,4.105127475,1,0,CN
479,purple,13.09,11.899999999999999,1000,4.09,4.078095238,0,0,CN
480,white,13.09,11.899999999999999,100,4.14,4.263681299,0,1,CN
481,white,10.709999999999999,40.46,50,5.0,4.07420278,0,0,CN
482,pink,7.14,8.33,50,2.67,4.058951965,0,0,CN
483,grey,3.3677,3.57,20000,3.62,3.9187549460000004,1,0,SG
484,armygreen,8.33,189.20999999999998,5000,3.39,4.081783082,0,0,CN
485,blue,17.849999999999998,33.32,100,3.23,3.850613155,1,0,CN
486,white,16.66,80.92,5000,3.44,4.226462715,1,0,CN
487,black,14.28,16.66,10,5.0,3.884615385,0,0,CN
488,green,6.913899999999999,35.699999999999996,100,2.61,3.8947607000000004,0,0,CN
489,grey,19.04,26.18,100,3.15,3.4177215189999997,1,0,CN
490,black,8.33,7.14,100,3.8,4.216385998,0,0,CN
491,Black,9.52,49.98,1000,3.95,4.025364207,0,0,CN
492,white,14.28,15.469999999999999,10000,3.56,4.087737367,0,0,CN
493,floral,13.09,90.44,1000,4.1,4.149140785,1,0,CN
494,leopard,13.09,16.66,1000,3.93,4.279492402,0,0,CN
495,red,6.771100000000001,5.949999999999999,5000,3.61,4.227530747,0,0,CN
496,black,14.28,13.09,100,3.28,3.964591734,1,0,CN
497,black,8.33,7.14,100,3.6,4.155279503,0,0,CN
498,gray,8.33,15.469999999999999,50000,3.35,4.103759814,1,0,
499,grey,6.7354,5.949999999999999,10000,4.29,4.35618791,1,0,CN
500,,9.52,8.33,20000,3.39,4.156715325,0,1,CN
501,pink,5.949999999999999,5.949999999999999,10000,3.88,4.153665092,1,1,CN
502,black,16.66,15.469999999999999,5000,4.16,4.21777093,0,0,CN
503,multicolor,7.14,55.93,1000,4.28,3.862313807,0,0,CN
504,navy blue,9.52,8.33,10000,4.02,4.243712225,0,1,CN
505,yellow,6.9376999999999995,5.949999999999999,100,4.36,3.952836128,0,0,CN
506,white,13.09,24.99,1000,4.08,3.9816232769999997,0,0,CN
507,black,2.2015,13.09,100,3.9,3.8379369430000003,0,1,
508,black,10.709999999999999,9.52,5000,3.61,3.954443095,1,1,CN
509,black,9.52,66.64,10000,3.59,3.795238095,1,0,CN
510,wine red,3.57,3.57,50000,3.81,4.04915735,0,0,CN
511,white,7.14,20.23,5000,3.9,4.2381726330000005,1,0,CN
512,white,4.5934,7.14,50,4.0,3.86090776,0,0,CN
513,black,10.709999999999999,9.52,5000,4.03,4.193588786,0,0,CN
514,red,7.009099999999999,5.949999999999999,5000,3.25,3.8495925489999996,0,0,CN
515,mintgreen,13.09,20.23,1000,3.62,4.136394558,0,0,CN
516,black,9.52,8.33,20000,3.95,3.997589763,1,0,CN
517,blue,9.52,166.6,10000,4.17,4.167804878,1,0,CN
518,white,13.09,199.92,10,3.33,3.9148936169999997,0,0,CN
519,white,13.09,199.92,10,3.33,3.9148936169999997,0,0,CN
520,black,9.52,8.33,100,2.0,4.07420278,0,0,CN
521,gray,2.38,9.52,50,3.88,3.9430187639999996,0,0,CN
522,black,6.7354,5.949999999999999,100,3.41,3.833480957,1,0,CN
523,purple,10.709999999999999,9.52,100,4.1,4.022944116000001,0,0,CN
524,red,9.52,10.709999999999999,100,4.08,4.076971609,1,0,CN
525,red,10.709999999999999,9.52,1000,3.78,4.038733886,0,0,CN
526,green,3.2843999999999998,20.23,1000,4.33,4.136723164,1,0,CN
527,lightred,4.5577,4.76,100,3.57,3.958790237,0,0,CN
528,black,8.33,10.709999999999999,10000,4.47,4.161796723,1,0,CN
529,Pink,7.14,51.169999999999995,1000,3.46,3.967520145,0,0,CN
530,white,9.52,24.99,100,4.06,4.27486594,0,0,CN
531,grey,9.52,10.709999999999999,1000,4.16,3.88516086,1,0,CN
532,yellow,3.1654,3.57,100,2.67,4.137581778,1,1,CN
533,multicolor,9.52,101.14999999999999,20000,3.37,4.156715325,0,1,CN
534,skyblue,9.52,8.33,1000,3.55,4.137452368,1,0,CN
535,white,4.367299999999999,10.709999999999999,5000,3.32,4.070618245,0,1,CN
536,white,14.28,96.39,20000,4.08,4.127921061,0,0,CN
537,navyblue,15.469999999999999,13.09,20000,4.06,4.288492523,1,0,CN
538,grey,10.709999999999999,9.52,5000,3.89,4.047959307,1,0,CN
539,white,10.709999999999999,101.14999999999999,50,4.63,4.185185185,1,0,CN
540,yellow,9.52,8.33,100,3.38,3.838383838,0,0,CN
541,navyblue,14.28,13.09,10000,4.14,3.984836842,0,1,CN
542,black,5.949999999999999,89.25,100,3.8,3.889677493,1,0,CN
543,black,7.14,7.14,5000,4.27,4.1769976810000005,0,1,CN
544,yellow,16.66,14.28,1000,3.7,4.056888251,0,0,CN
545,white,9.52,8.33,5000,4.34,4.013812875,0,0,CN
546,white,9.52,70.21,20000,4.03,4.083566573,1,0,CN
547,,9.52,8.33,20000,3.41,4.2091546939999995,0,0,
548,black & white,21.419999999999998,19.04,20000,4.23,4.387414067,0,1,CN
549,yellow,4.6767,28.56,100,3.54,4.213422259,0,0,CN
550,orange,13.09,11.899999999999999,100,3.12,3.9680610510000003,1,0,CN
551,coffee,7.14,7.14,100,3.67,4.040595112,1,0,CN
552,yellow,9.52,8.33,1000,4.37,4.179445442,0,1,CN
553,white,13.09,70.21,100,4.33,3.955434158,1,0,CN
554,white,8.33,30.939999999999998,5000,4.01,4.2166949769999995,0,0,CN
555,yellow,14.28,13.09,100,5.0,4.5,1,0,CN
556,armygreen,13.09,11.899999999999999,100,3.56,4.069015097,1,0,CN
557,coralred,13.09,11.899999999999999,100,3.96,4.276725838,0,0,CN
558,orange,3.57,3.57,50,4.25,4.035714286,0,0,CN
559,grey,5.949999999999999,9.52,5000,3.51,4.069535763999999,1,0,CN
560,green,10.709999999999999,51.169999999999995,1000,4.74,4.002933166,0,0,CN
561,pink,9.52,8.33,1000,3.61,3.885537769,0,0,CN
562,multicolor,10.709999999999999,9.52,20000,3.88,4.098557219,1,0,CN
563,black,13.09,11.899999999999999,20000,3.73,3.9246774089999996,0,0,CN
564,brown,13.09,99.96,20000,3.53,4.017133305,0,0,CN
565,camouflage,8.33,7.14,10000,4.34,4.293240865,0,0,CN
566,navyblue,4.6767,4.76,100,4.4,3.9187549460000004,1,0,SG
567,khaki,8.33,7.14,100,3.67,4.045170201,1,1,CN
568,white & green,9.52,8.33,100,4.0,3.7906976739999996,0,0,CN
569,grey,8.33,7.14,5000,4.38,3.9467909160000003,0,0,CN
570,black,4.403,10.709999999999999,10,2.25,3.777777778,0,0,CN
571,pink,9.52,60.69,100,4.29,3.832535067,0,0,CN
572,red,9.52,8.33,1000,4.11,4.260595888,0,0,CN
573,armygreen,4.6886,9.52,100,3.9,4.068783069,0,0,CN
574,white,17.849999999999998,15.469999999999999,1000,4.41,4.25433526,0,0,CN
575,black & green,5.949999999999999,5.949999999999999,1000,3.74,4.138885385,1,0,CN
576,armygreen,6.866299999999999,5.949999999999999,100,4.0,3.9157403289999997,1,0,CN
577,lakeblue,5.5573,4.76,100,2.88,4.079365079,1,0,CN
578,blue,13.09,11.899999999999999,100,3.29,3.732142857,0,0,CN
579,white,7.021,5.949999999999999,5000,3.26,4.055029,0,0,CN
580,pink,4.403,55.93,100,3.18,3.409470752,1,0,CN
581,white,5.949999999999999,5.949999999999999,1000,3.77,4.288179243,1,0,CN
582,grey,10.709999999999999,9.52,5000,3.65,3.9862068969999997,0,0,CN
583,yellow,19.04,21.419999999999998,100,3.88,3.828569915,0,0,CN
584,green,7.14,7.14,10000,4.34,4.323830409,0,0,CN
585,,19.04,30.939999999999998,1000,3.67,4.237542607,0,0,CN
586,orange,4.474399999999999,4.76,1000,3.34,4.109621451000001,0,0,CN
587,,9.52,35.699999999999996,1000,4.01,4.209312839,1,0,CN
588,blue,13.09,11.899999999999999,100,3.13,3.3818681319999997,1,0,CN
589,darkblue,9.52,8.33,100,3.33,4.368336026000001,1,0,CN
590,black,14.28,13.09,1000,4.05,4.032956081,0,0,CN
591,blue,9.52,10.709999999999999,5000,4.07,4.105967054,1,0,CN
592,blue,13.09,11.899999999999999,100,3.32,4.324934839,1,0,CN
593,blue,5.949999999999999,5.949999999999999,10000,3.94,3.884543646,0,0,CN
594,black,5.949999999999999,90.44,1000,3.77,4.068664568,1,1,CN
595,grey,8.33,7.14,1000,3.8,3.8112759639999996,1,0,CN
596,coffee,9.52,8.33,5000,4.02,4.05442315,1,0,CN
597,black,17.849999999999998,17.849999999999998,3,5.0,4.252289157,0,0,CN
598,black & green,14.28,13.09,1000,3.81,4.150355872,0,0,CN
599,black,8.33,7.14,100,4.15,4.135949053,0,0,CN
600,black,15.469999999999999,80.92,5000,3.97,4.256076907,1,0,CN
601,beige,10.709999999999999,70.21,100,3.69,4.024242424,0,0,CN
602,pink,5.949999999999999,5.949999999999999,100,3.0,4.053971797,0,0,CN
603,yellow,16.66,110.67,1000,4.24,4.201298485,1,1,CN
604,white,8.33,19.04,10000,3.94,4.14533568,1,0,CN
605,black,15.469999999999999,99.96,10000,4.07,4.203400532,1,0,CN
606,winered,2.38,7.14,1000,4.03,4.117444923,1,1,CN
607,green,5.6287,8.33,100,4.4,4.117444923,1,1,CN
608,black,13.09,44.03,20000,3.42,4.310188055,0,1,CN
609,pink,9.52,145.18,5000,4.0,4.199603624,1,0,CN
610,white,5.6406,23.799999999999997,5000,4.05,4.293899649,0,0,CN
611,red,9.52,8.33,10000,3.28,3.9823995310000004,0,0,CN
612,white,9.52,8.33,100,3.83,3.545023697,0,0,CN
613,gray,9.52,35.699999999999996,100,3.47,3.952583862,0,0,CN
614,yellow,7.0805,7.14,100,3.21,3.853575963,1,0,US
615,green,4.3435,10.709999999999999,100,3.38,4.243249325,1,0,CN
616,white,3.3439,3.57,5000,3.91,4.105967054,0,0,CN
617,pink,5.5454,5.949999999999999,10000,4.28,4.3945910569999995,0,0,CN
618,white,5.949999999999999,5.949999999999999,10,5.0,3.8372093019999998,0,0,CN
619,blue,5.949999999999999,19.04,1000,4.23,4.029235311,1,0,CN
620,darkblue,9.52,8.33,100,3.33,4.368336026000001,1,0,CN
621,orange,15.469999999999999,13.09,1000,3.53,3.865384615,1,0,CN
622,multicolor,9.52,8.33,5000,4.3,4.289673913000001,0,0,CN
623,purple,9.52,101.14999999999999,100,3.5,3.9870513560000003,0,0,CN
624,purple,8.33,7.14,100,4.07,4.15503184,0,0,CN
625,red,14.28,13.09,1000,3.37,3.8606591569999997,1,0,CN
626,yellow,5.949999999999999,5.949999999999999,1000,3.68,3.86754717,1,0,CN
627,grey,15.469999999999999,39.269999999999996,1000,3.88,4.1491228069999995,1,0,US
628,black,16.66,89.25,10000,4.15,4.070637468999999,0,0,CN
629,pink,8.33,7.14,10000,3.48,3.995605701,1,0,CN
630,white,7.14,7.14,20000,3.74,4.113798978,1,0,CN
631,pink,9.52,8.33,5000,4.1,4.316243682,1,1,CN
632,black,5.949999999999999,35.699999999999996,100,3.69,3.840024669,0,0,
633,black,13.09,11.899999999999999,100,3.54,4.155932203,1,1,CN
634,yellow,6.7235000000000005,39.269999999999996,10,5.0,4.037016459,0,0,CN
635,white,4.474399999999999,8.33,50,3.5,3.8804289539999997,0,0,CN
636,,8.33,7.14,100,4.57,4.4309356189999995,1,0,CN
637,white,5.5573,4.76,10000,4.28,4.264658502,1,0,CN
638,blue,13.09,11.899999999999999,100,3.29,3.732142857,0,0,CN
639,grey,3.332,3.57,100,3.17,4.258106638,1,0,CN
640,white,19.04,29.75,10,4.5,4.014792899,1,0,CN
641,,10.709999999999999,20.23,100,3.63,4.289968652,0,0,CN
642,,8.33,10.709999999999999,5000,3.83,4.13493547,1,0,CN
643,black,19.04,16.66,100,4.0,4.148272018,0,0,CN
644,camel,10.709999999999999,40.46,50,4.0,4.458100559,0,0,US
645,yellow,3.57,30.939999999999998,100,2.0,3.954643808,1,0,CN
646,white,7.14,7.14,5000,3.83,4.1023209419999995,1,0,CN
647,black,14.28,85.67999999999999,1000,3.93,4.337466548,0,0,CN
648,white,7.14,40.46,100,3.8,3.928919682,0,0,CN
649,pink,15.469999999999999,15.469999999999999,1000,4.16,3.981336637,0,1,CN
650,white,10.709999999999999,22.61,5000,3.97,4.015241321,1,0,CN
651,navyblue,10.709999999999999,30.939999999999998,20000,3.6,3.8720443839999996,0,0,CN
652,yellow,5.949999999999999,5.949999999999999,100,3.06,4.150355872,0,0,CN
653,black,19.04,99.96,100,3.41,4.048993964,0,0,CN
654,black,13.09,16.66,20000,3.76,4.137105856,1,1,CN
655,white,2.38,11.899999999999999,100,3.2,3.990638298,0,0,CN
656,pink,9.52,8.33,100,3.43,4.130946461000001,0,0,CN
657,blue,8.33,8.33,10000,3.55,3.9870513560000003,0,0,CN
658,black,16.66,14.28,1000,3.82,4.295791583,0,1,CN
659,white,14.28,30.939999999999998,5000,4.16,4.100615675,0,0,CN
660,green,8.33,7.14,100,3.72,4.127839139,0,1,CN
661,brown,9.52,8.33,100,2.79,4.3367085,0,0,CN
662,blue,9.52,8.33,1000,3.91,4.097302505,0,1,CN
663,,16.66,102.33999999999999,1000,4.08,4.265472365,0,0,CN
664,white,7.14,38.08,5000,3.47,3.8988901869999997,0,0,CN
665,grey,13.09,11.899999999999999,20000,3.63,3.924684511,1,0,CN
666,grey,9.52,30.939999999999998,1000,4.19,4.049640277,1,0,CN
667,black,16.66,14.28,10,4.0,3.8754863810000004,1,0,CN
668,orange,5.949999999999999,151.13,100,2.79,4.225392754,0,0,CN
669,camouflage,13.09,11.899999999999999,100,4.25,4.2305555560000005,0,0,CN
670,green,5.7238999999999995,35.699999999999996,3,5.0,3.990507998,0,0,CN
671,green,10.709999999999999,24.99,100,3.51,4.11386995,0,1,CN
672,pink,13.09,83.3,10,2.0,3.873106061,0,0,US
673,navyblue,14.28,13.09,1000,3.85,3.8636973439999998,1,0,CN
674,red,7.14,166.6,1000,4.09,4.03125,0,0,CN
675,grey,4.6053,17.849999999999998,100,4.53,4.232170629,1,0,CN
676,yellow,5.949999999999999,5.949999999999999,50,5.0,3.75,0,0,CN
677,purple,13.09,13.09,1000,3.75,3.8988901869999997,0,0,CN
678,white,9.52,8.33,10000,3.54,4.00014341,0,0,CN
679,black,5.949999999999999,35.699999999999996,100,3.69,3.840024669,0,0,
680,green,16.66,29.75,100,3.8,3.908695652,1,0,CN
681,black,3.57,3.57,1000,3.08,3.964591734,1,0,CN
682,red,10.709999999999999,9.52,10000,3.91,4.079223592,1,0,CN
683,lightred,4.5577,4.76,100,3.57,3.958790237,0,0,CN
684,coffee,7.14,7.14,100,3.67,4.040595112,1,0,CN
685,khaki,10.709999999999999,9.52,5000,3.08,3.9085354210000003,0,0,CN
686,winered,14.28,19.04,10000,3.01,3.8988901869999997,0,0,CN
687,armygreen,8.33,189.20999999999998,5000,3.39,4.081783082,0,0,CN
688,floral,13.09,11.899999999999999,10000,4.09,4.08967719,1,0,CN
689,white,4.474399999999999,8.33,50,3.5,3.8804289539999997,0,0,CN
690,white,13.09,189.20999999999998,1000,3.67,3.878023003,0,1,CN
691,rosered,13.09,30.939999999999998,1000,3.95,3.999819299,0,0,CN
692,,15.469999999999999,35.699999999999996,20000,2.93,4.096666983,0,0,CN
693,pink,6.866299999999999,10.709999999999999,100,2.9,4.002935421,0,0,CN
694,coffee,5.949999999999999,5.949999999999999,100,3.91,3.9085354210000003,0,0,CN
695,white,13.09,11.899999999999999,5000,3.34,3.958303887,0,1,CN
696,green,7.14,20.23,100,3.47,4.216278181,0,0,CN
697,blue,5.949999999999999,5.949999999999999,1000,3.34,4.094745423,0,1,CN
698,pink,7.14,8.33,50,2.67,4.058951965,0,0,CN
699,blue,9.52,8.33,1000,3.47,4.064727109,1,0,CN
700,black,13.09,11.899999999999999,1000,3.74,3.954443095,1,1,CN
701,orange,5.949999999999999,151.13,100,2.79,4.225392754,0,0,CN
702,yellow,8.33,7.14,1000,3.28,4.045170201,1,1,CN
703,red,14.28,13.09,10000,3.25,3.7947385510000005,0,0,CN
704,rose,2.38,10.709999999999999,100,3.67,3.801801802,1,0,CN
705,pink & blue,4.76,4.76,100,3.1,4.078222418999999,1,0,CN
706,black,13.09,13.09,10000,3.75,4.180840336,0,0,US
707,green,15.469999999999999,17.849999999999998,100,3.49,4.428571429,0,0,CN
708,black,7.14,20.23,10000,4.35,4.1436661,0,1,CN
709,,14.28,119.0,100,3.68,4.243589743999999,0,0,CN
710,brown,14.28,13.09,5000,3.96,4.105777666,0,1,CN
711,winered,16.66,149.94,100,4.09,4.184731649,1,0,CN
712,pink,13.09,11.899999999999999,100,4.38,4.283333333,1,0,CN
713,beige,16.66,115.42999999999999,100,4.23,4.21070615,0,0,CN
714,white,10.709999999999999,10.709999999999999,1000,3.37,3.8938454030000003,0,0,CN
715,yellow,13.09,11.899999999999999,100,3.8,3.9433198380000003,1,0,CN
716,nude,4.403,69.02,5000,3.47,4.1898438989999995,1,1,CN
717,Blue,10.709999999999999,57.12,10000,4.02,4.105967054,1,0,CN
718,green,4.5815,8.33,1000,4.18,4.117444923,1,1,CN
719,lightpurple,9.52,58.309999999999995,1000,3.49,3.988933973,1,0,CN
720,coffee,16.66,14.28,1000,3.87,3.729166667,1,0,CN
721,white,13.09,297.5,20000,3.64,4.156715325,0,1,CN
722,yellow,7.14,7.14,5000,3.75,3.8175834510000004,0,0,CN
723,black,9.52,8.33,5000,3.39,4.041214598,0,0,CN
724,white,6.8306,5.949999999999999,10000,3.61,4.153665092,1,1,CN
725,black,13.09,11.899999999999999,100,3.09,3.967610845,1,0,CN
726,silver,2.38,2.38,1000,4.13,4.036018957,1,0,CN
727,pink,9.52,8.33,1000,3.42,3.9652042360000004,0,0,CN
728,army,9.52,8.33,1000,3.81,4.25420796,1,0,CN
729,green,2.38,2.38,1000,4.19,4.146957347,0,1,CN
730,black & stripe,13.09,11.899999999999999,5000,3.13,3.8175834510000004,0,0,CN
731,,13.09,23.799999999999997,20000,3.56,3.962380685,0,0,CN
732,grey,9.52,8.33,10,5.0,3.966034959,1,0,CN
733,red,5.949999999999999,101.14999999999999,5000,3.7,3.8315139489999996,1,0,CN
734,blue,10.709999999999999,9.52,100,3.7,3.894230769,0,0,CN
735,pink,10.709999999999999,9.52,5000,3.68,3.947471965,0,0,CN
736,black,8.33,7.14,100,3.95,3.9560649469999998,0,0,CN
737,coolblack,10.709999999999999,10.709999999999999,20000,4.1,3.9993714039999997,0,1,CN
738,black,13.09,13.09,5000,3.59,4.2037253560000005,1,0,CN
739,yellow,2.38,2.38,100,2.57,4.0244600980000005,1,0,CN
740,yellow,16.66,14.28,20000,3.61,3.915275201,1,0,CN
741,white,8.33,30.939999999999998,10000,3.86,3.999819299,0,0,CN
742,black,9.52,8.33,10000,3.66,3.8971154969999997,1,0,CN
743,rosered,15.469999999999999,13.09,10000,3.87,4.030461482,1,0,CN
744,green,14.28,101.14999999999999,50,4.75,4.175438596,1,0,CN
745,grey,9.52,8.33,10000,4.13,4.053017945,0,1,CN
746,white,9.52,80.92,8,5.0,3.916932907,0,0,CN
747,green,13.09,11.899999999999999,1000,3.8,3.797448166,1,0,CN
748,winered,5.949999999999999,5.949999999999999,100,3.97,3.86754717,0,0,CN
749,black,6.842499999999999,19.04,100,4.26,4.444444444,1,0,CN
750,green,9.52,8.33,5000,3.32,3.9375299189999997,1,0,CN
751,black,8.33,7.14,100,3.95,3.9560649469999998,0,0,CN
752,blue,7.14,8.33,50,4.0,4.166509285,1,0,CN
753,rosered,13.09,22.61,20000,3.78,4.003228782,1,0,CN
754,black,6.7235000000000005,7.14,1000,3.96,4.045170201,1,1,CN
755,white,9.52,9.52,5000,4.14,3.7999586689999996,0,0,CN
756,white,5.949999999999999,5.949999999999999,5000,3.6,4.028857381,0,0,CN
757,black,13.09,11.899999999999999,10000,4.05,3.936382393,1,0,CN
758,Rose red,58.309999999999995,49.98,100,4.67,4.223137738999999,0,0,CN
759,red,5.949999999999999,5.949999999999999,100,4.83,3.0389610389999997,1,0,CN
760,black,5.5454,13.09,100,2.92,4.275731375,1,0,CN
761,black,8.33,7.14,100,3.0,3.93496732,1,0,CN
762,greysnakeskinprint,22.61,20.23,1000,3.4,3.7605798960000003,1,1,CN
763,orange,27.369999999999997,140.42,100,3.86,4.064925465,0,0,CN
764,white,10.709999999999999,11.899999999999999,100,3.84,3.651205937,1,0,CN
765,pink,7.14,40.46,1000,3.41,4.002935421,0,0,CN
766,red,16.66,109.47999999999999,100,3.92,4.227620087,0,0,CN
767,denimblue,26.18,22.61,20000,3.66,4.096907719,1,0,CN
768,green,9.52,8.33,1000,2.98,3.475583864,1,0,CN
769,yellow,3.1654,3.57,100,2.67,4.137581778,1,1,CN
770,white,2.38,10.709999999999999,100,3.47,4.167627677,0,0,CN
771,black,19.04,16.66,10000,4.34,4.301174735,0,0,CN
772,purple,13.09,13.09,1000,3.75,3.8988901869999997,0,0,CN
773,white,16.66,14.28,1000,3.74,3.885537769,0,0,CN
774,,19.04,19.04,2,5.0,4.303030303,0,0,CN
775,green,9.52,9.52,1000,4.18,4.0057405280000005,0,0,CN
776,blue,10.709999999999999,9.52,5000,4.22,4.091418564,1,0,CN
777,black,16.66,14.28,100,4.23,4.169886364,0,0,CN
778,white,13.09,11.899999999999999,10000,3.76,4.138885385,1,0,CN
779,black,17.849999999999998,129.71,1000,3.96,3.9682687999999993,0,1,CN
780,blue,4.76,4.76,50,1.0,3.515748031,1,0,CN
781,white,6.842499999999999,5.949999999999999,10,5.0,2.333333333,1,0,CN
782,red,10.709999999999999,9.52,1000,3.29,4.080890773999999,1,1,CN
783,black,7.14,7.14,1000,3.21,4.15539398,0,0,CN
784,black,9.52,8.33,10000,4.09,3.9609355560000004,0,0,CN
785,yellow,6.8187,5.949999999999999,1000,3.69,4.279446408,1,0,CN
786,white,9.52,8.33,20000,3.9,4.1300042139999995,0,0,CN
787,winered,13.09,11.899999999999999,1000,3.35,3.895038168,1,0,CN
788,brown,9.52,8.33,50,3.67,3.7919075139999996,1,0,CN
789,grey,8.33,20.23,10,5.0,3.6086956519999998,0,0,CN
790,purple,4.76,7.14,50000,4.0,4.094694475,0,1,CN
791,applegreen,15.469999999999999,13.09,100,3.22,3.801801802,0,0,CN
792,offwhite,14.28,101.14999999999999,1000,4.15,4.233682721,1,0,CN
793,red,10.709999999999999,11.899999999999999,10000,4.15,4.306990358,0,0,CN
794,grey,6.8782,59.5,5000,3.55,3.966034959,1,0,CN
795,black,6.9734,13.09,1000,4.28,4.2643805310000005,0,0,CN
796,blue,10.709999999999999,26.18,10000,3.82,3.874032908,0,0,CN
797,lightgray,4.6053,4.76,1000,3.34,4.127366057,0,0,CN
798,white,10.709999999999999,45.22,1000,4.52,4.380173035,0,1,CN
799,yellow,6.8306,5.949999999999999,100,3.38,4.137581778,1,1,CN
800,beige,10.709999999999999,9.52,10000,4.06,4.045170201,1,1,CN
801,white,9.52,65.45,7,5.0,4.248582231,0,0,CN
802,navy,4.3792,4.76,100,3.71,3.789601486,0,0,
803,white,5.7834,9.52,1000,3.89,3.7899001919999997,1,1,CN
804,red,13.09,11.899999999999999,100,3.96,4.277078086,1,0,CN
805,black,14.28,13.09,50,3.29,3.464285714,1,0,CN
806,green,17.849999999999998,29.75,1000,3.3,3.94906367,1,0,CN
807,yellow,4.6529,4.76,1000,3.73,3.884543646,1,0,CN
808,black,13.09,16.66,100,3.16,4.064229832,0,0,CN
809,orange-red,13.09,99.96,100,3.46,4.201298485,0,1,CN
810,green,9.52,35.699999999999996,10000,4.18,3.90254772,1,0,CN
811,orange,9.52,8.33,10000,3.82,3.872009976,0,0,CN
812,black,16.66,14.28,10000,4.36,4.2381726330000005,1,0,CN
813,blue,8.33,39.269999999999996,50,3.0,4.001546268999999,0,0,CN
814,armygreen,7.14,13.09,100,4.0,3.774114022,0,0,CN
815,yellow,7.14,7.14,1000,4.18,3.9359003269999997,0,0,CN
816,white,14.28,13.09,100,3.0,3.9754098360000003,1,0,CN
817,camel,10.709999999999999,40.46,50,4.0,4.458100559,0,0,US
818,red,4.6171999999999995,4.76,100,3.47,3.958790237,0,0,CN
819,navyblue,9.52,8.33,20000,3.96,3.9987976919999997,0,0,CN
820,winered,14.28,57.12,1000,3.98,4.105967054,1,0,CN
821,armygreen,6.7235000000000005,39.269999999999996,1000,3.39,4.030377279,0,0,CN
822,rosered,13.09,13.09,1000,4.46,4.0146634080000005,0,1,CN
823,red,14.28,13.09,1000,3.82,3.978864638,0,1,CN
824,white,6.8306,5.949999999999999,10000,3.61,4.153665092,1,1,CN
825,black,10.709999999999999,9.52,100,4.13,4.239851419,1,0,CN
826,green,9.52,69.02,5000,3.45,4.192789292,0,0,CN
827,green,9.52,20.23,1000,3.39,3.954443095,1,1,CN
828,white,6.8900999999999994,5.949999999999999,5000,3.78,3.73247336,0,0,CN
829,white,9.52,19.04,10000,3.27,3.874032908,0,0,CN
830,grey,3.3201,15.469999999999999,100,4.0,4.245225363,1,0,CN
831,pink,10.709999999999999,99.96,100,3.73,3.909778862,1,0,CN
832,green,15.469999999999999,17.849999999999998,100,3.49,4.428571429,0,0,CN
833,orange,9.52,8.33,20000,3.68,3.881463803,0,0,CN
834,navyblue,6.7235000000000005,8.33,1000,4.24,4.047725187,0,0,CN
835,white,5.7834,5.949999999999999,1000,3.79,4.189139269,1,0,CN
836,green,7.14,9.52,1000,3.82,4.170602859,1,0,US
837,black,7.14,10.709999999999999,1000,4.01,4.0922155689999995,0,0,CN
838,red,9.52,10.709999999999999,1000,4.22,4.192800855,0,0,CN
839,Black,13.09,59.5,5000,3.45,3.967520145,0,0,CN
840,green,10.709999999999999,20.23,10000,3.93,4.3432353489999995,0,0,CN
841,,9.52,99.96,1000,3.74,4.267890819,0,0,CN
842,black,14.28,13.09,20000,3.8,4.121483743,1,1,CN
843,orange,16.66,44.03,1000,3.85,3.933581377,0,0,CN
844,black,9.52,8.33,100,4.07,4.2305555560000005,0,0,CN
845,yellow,9.52,8.33,1000,3.09,4.097302505,0,1,CN
846,yellow,9.52,30.939999999999998,100,5.0,3.65942029,0,0,CN
847,red,8.33,7.14,5000,3.44,3.73247336,0,0,CN
848,red,8.33,30.939999999999998,5000,3.59,3.999819299,0,0,CN
849,beige,19.04,132.09,1000,4.05,4.193456615,1,0,CN
850,yellow,13.09,28.56,1000,3.78,4.079643756,0,1,CN
851,black,10.709999999999999,77.35,1000,4.09,4.064229832,0,0,CN
852,blue,5.949999999999999,33.32,5000,3.29,3.696054115,1,0,CN
853,,19.04,16.66,1000,4.52,4.254433947,1,0,CN
854,green,8.33,7.14,1000,4.23,4.332429379,1,1,CN
855,black,10.709999999999999,59.5,5000,3.6,3.995056408,0,0,CN
856,white,2.0944,2.38,100,4.63,4.455940501000001,0,0,CN
857,gray,5.949999999999999,7.14,5000,4.07,4.048355604,0,0,CN
858,black,9.52,8.33,1000,4.23,4.114800185,0,0,CN
859,green,5.5811,4.76,5000,3.95,4.121483743,1,1,CN
860,green,9.52,21.419999999999998,1000,4.15,3.740885355,1,0,CN
861,grey,7.14,7.14,100,3.47,3.86754717,0,0,CN
862,blue,7.14,39.269999999999996,10,2.33,3.9246774089999996,0,0,CN
863,yellow,7.14,11.899999999999999,1000,3.0,3.676724138,0,0,CN
864,lightpink,5.5335,4.76,50,5.0,3.891791045,0,0,CN
865,purple,3.1773,79.72999999999999,10,5.0,3.692307692,0,0,CN
866,red,13.09,11.899999999999999,100,3.5,4.0244600980000005,1,0,CN
867,pink,5.949999999999999,30.939999999999998,100,4.0,4.157547692,1,0,CN
868,purple,13.09,13.09,1000,4.22,3.766116942,1,0,CN
869,grey,8.33,13.09,20000,3.98,4.063965982,0,0,CN
870,white,14.28,13.09,1000,3.61,4.194554147,0,0,CN
871,yellow,2.0467999999999997,30.939999999999998,1000,4.33,4.007283321,1,0,CN
872,fluorescentgreen,2.0467999999999997,2.38,100,4.23,4.0032,0,0,CN
873,gray,9.52,55.93,10000,4.21,4.321880651,1,0,CN
874,rosered,6.901999999999999,10.709999999999999,1000,3.83,3.809966425,1,0,CN
875,black,8.33,7.14,50000,4.12,4.156197709,0,0,CN
876,green,4.3554,30.939999999999998,100,3.2,3.3382899630000002,1,0,CN
877,black,4.5577,4.76,5000,3.76,4.285597736000001,1,0,CN
878,black,15.469999999999999,99.96,10000,4.36,4.301066655,1,1,CN
879,blue,7.14,20.23,5000,3.85,4.079643756,1,1,CN
880,,17.849999999999998,70.21,100,3.87,4.157836796000001,0,0,CN
881,white & green,9.52,8.33,100,4.0,3.7906976739999996,0,0,CN
882,grey,2.0349,2.38,50,4.67,3.797448166,1,0,CN
883,lightpink,14.28,51.169999999999995,10000,3.87,3.9729373519999998,1,1,CN
884,red,23.799999999999997,20.23,50,4.17,3.923076923,0,0,CN
885,black,10.709999999999999,9.52,1000,4.17,4.030377279,0,0,CN
886,green,2.38,66.64,1000,3.73,3.9099070210000004,1,0,CN
887,black,5.949999999999999,5.949999999999999,100,3.4,3.918367347,1,0,CN
888,purple,10.709999999999999,16.66,10000,4.14,3.8491943610000003,0,1,CN
889,armygreen,13.09,11.899999999999999,100,3.56,4.069015097,1,0,CN
890,gray & white,19.04,16.66,1000,4.27,4.2178988330000005,1,0,CN
891,white,8.33,7.14,5000,3.23,3.68742586,0,0,CN
892,purple,8.33,99.96,10000,3.93,4.029235311,0,0,CN
893,grey,9.52,64.25999999999999,50000,3.69,3.840256937,0,1,CN
894,grey,9.52,8.33,100,3.8,4.045454545,0,0,CN
895,white,9.52,8.33,10000,3.66,3.8495925489999996,0,0,CN
896,brown & yellow,3.57,3.57,100,4.04,4.093588282,1,1,CN
897,skyblue,9.52,23.799999999999997,1000,3.12,3.953168745,0,0,CN
898,rose,7.14,24.99,5000,3.18,4.11386995,0,1,CN
899,green,10.709999999999999,24.99,100,3.51,4.11386995,0,1,CN
900,winered,13.09,58.309999999999995,100,3.73,4.143965517,0,0,CN
901,red,15.469999999999999,13.09,1000,3.36,3.872009976,0,0,CN
902,white,13.09,13.09,5000,4.16,4.054470783,1,0,CN
903,white,8.33,8.33,1000,4.02,4.018157136,0,1,CN
904,black,10.709999999999999,11.899999999999999,10,5.0,3.690721649,1,0,CN
905,pink,9.52,8.33,100,4.19,3.851930137,0,1,CN
906,pink,9.52,9.52,1000,4.06,4.024242424,0,0,CN
907,grey,7.14,20.23,5000,4.26,4.27486594,1,0,CN
908,grey,16.66,15.469999999999999,100,4.5,4.047725187,0,0,CN
909,pink,15.469999999999999,110.67,100,4.09,4.235381806,0,0,CN
910,navyblue,15.469999999999999,70.21,1000,4.14,4.038733886,0,0,CN
911,black,5.949999999999999,5.949999999999999,5000,3.88,4.120676597,1,0,CN
912,black,4.3911,63.07,100,4.36,3.8555956680000003,1,1,CN
913,multicolor,4.5815,82.11,1000,3.23,3.9601706969999997,1,0,CN
914,white,13.09,11.899999999999999,100,3.91,4.106342523,0,0,CN
915,green,2.38,2.38,1000,4.19,4.146957347,0,1,CN
916,white,9.52,101.14999999999999,100,4.5,3.901734104,1,0,CN
917,black,8.33,8.33,10,3.36,3.8104793760000004,0,0,CN
918,white,13.09,28.56,1000,3.73,4.213438569,0,0,CN
919,black,13.09,11.899999999999999,5000,3.2,4.080890773999999,1,1,CN
920,floral,3.213,3.57,10000,4.13,4.10884906,1,0,CN
921,green,6.9376999999999995,9.52,5000,3.99,3.8379369430000003,0,1,
922,black,13.09,16.66,20000,3.76,4.137105856,1,1,CN
923,white,14.28,13.09,100,3.97,3.73553719,0,0,CN
924,black,6.7354,7.14,100,3.08,4.069015097,0,0,CN
925,black,19.04,16.66,100,4.0,4.148272018,0,0,CN
926,black,4.367299999999999,15.469999999999999,1000,4.09,4.136723164,0,0,CN
927,yellow,14.28,13.09,100,3.73,4.027820256,0,0,CN
928,pink,3.2249,7.14,100,3.4,3.797448166,1,0,CN
929,black,6.8187,5.949999999999999,100,4.03,4.003115265,0,0,CN
930,navy blue,9.52,8.33,10000,3.84,4.2680022619999995,0,1,CN
931,blue,10.709999999999999,9.52,100,3.7,3.894230769,0,0,CN
932,pink,16.66,14.28,100,2.7,3.9227023739999995,0,0,CN
933,blue,4.3554,4.76,100,3.04,3.953168745,0,0,CN
934,yellow,7.14,7.14,100,3.4,3.625,0,0,CN
935,white,14.28,101.14999999999999,1000,3.58,3.855390407,0,1,CN
936,pink,10.709999999999999,9.52,5000,3.68,3.947471965,0,0,CN
937,black,15.469999999999999,66.64,100,3.55,3.774774775,1,0,CN
938,orange,3.57,3.57,50,4.25,4.035714286,0,0,CN
939,winered & yellow,10.709999999999999,9.52,1000,3.67,3.924684511,1,0,CN
940,pink,13.09,13.09,1000,3.62,3.817149007,0,0,CN
941,rose,13.09,11.899999999999999,100,3.55,3.5568181819999998,0,0,CN
942,blue,13.09,11.899999999999999,100,3.13,3.3818681319999997,1,0,CN
943,black,10.709999999999999,30.939999999999998,10000,3.78,4.103759814,1,0,
944,black,8.33,58.309999999999995,1000,3.99,4.316021724,0,0,CN
945,white,4.4387,20.23,100,4.37,4.521865889,1,0,CN
946,yellow,9.52,11.899999999999999,50,5.0,3.874015748,0,0,CN
947,orange,4.5339,29.75,100,3.32,3.944535073,1,0,CN
948,army green,7.14,168.98,10000,3.78,4.123419627,1,1,CN
949,white,14.28,102.33999999999999,1000,4.09,4.253287171,0,0,CN
950,black,7.14,7.14,100,5.0,4.035714286,1,0,CN
951,whitestripe,7.14,36.89,10000,4.09,4.280441532,0,0,CN
952,yellow,10.709999999999999,9.52,50000,3.83,4.30208221,0,1,CN
953,pink,15.469999999999999,13.09,50,4.33,4.093536704,0,0,CN
954,white,13.09,11.899999999999999,10000,3.75,4.235886611000001,0,0,CN
955,pink,4.641,5.949999999999999,1000,3.11,3.882722008,0,0,CN
956,blue,9.52,55.93,100,4.33,4.57751938,1,0,CN
957,black,7.14,7.14,50000,4.2,4.227942714,0,0,CN
958,black,7.14,7.14,5000,3.93,4.00669222,0,0,CN
959,black,9.52,11.899999999999999,50,5.0,4.146241563999999,1,0,CN
960,blue,5.5691999999999995,29.75,1000,3.69,4.057810985,1,0,CN
961,black,9.52,51.169999999999995,1000,4.0,3.933581377,0,0,CN
962,black,9.52,8.33,20000,4.05,4.168097393,0,0,CN
963,white,9.52,60.69,1000,3.61,4.141953441,1,0,CN
964,white,8.33,30.939999999999998,100,2.9,3.1875,0,0,CN
965,black,8.33,7.14,10000,4.11,4.066217831,0,0,CN
966,white,8.33,35.699999999999996,1000,3.28,4.382091743,1,1,CN
967,yellow,6.7235000000000005,5.949999999999999,1000,3.87,4.054545455,1,0,CN
968,black,10.709999999999999,77.35,1000,4.09,4.064229832,0,0,CN
969,yellow,9.52,10.709999999999999,10000,3.35,3.98792149,0,0,CN
970,blue,14.28,69.02,1000,4.18,4.146568822,0,0,CN
971,,5.949999999999999,5.949999999999999,1000,3.1,4.325214900000001,1,0,CN
972,green,4.569599999999999,4.76,1000,3.18,4.318584071,0,0,CN
973,black,9.52,8.33,10000,3.56,4.18074991,1,0,CN
974,green,14.28,36.89,1000,3.87,4.007824726,0,1,CN
975,white,6.8900999999999994,10.709999999999999,100,3.96,3.7211538460000004,1,0,CN
976,blue,8.33,78.53999999999999,10,5.0,4.042230644,1,1,CN
977,black,3.57,5.949999999999999,1000,4.05,4.079851821,1,0,CN
978,khaki,15.469999999999999,26.18,1000,4.01,4.330745342,1,0,CN
979,white,9.52,19.04,10000,4.04,4.194270123,0,0,CN
980,purple,9.52,90.44,100,3.64,3.5142857139999997,1,0,CN
981,beige,10.709999999999999,9.52,100,4.07,3.9666666669999997,1,0,CN
982,pink,10.709999999999999,9.52,1000,4.27,4.100615675,1,0,CN
983,white,5.831,9.52,1000,3.83,3.899673276,1,0,CN
984,black,9.52,45.22,1000,4.14,4.38310757,0,0,CN
985,rainbow,29.75,45.22,50,3.17,4.009975062,1,0,CN
986,yellow,2.38,2.38,100,2.57,4.0244600980000005,1,0,CN
987,gray,10.709999999999999,9.52,1000,3.52,3.924684511,1,0,CN
988,green,13.09,49.98,100,4.24,4.365789904,0,0,CN
989,grey,14.28,121.38,1000,4.22,4.211623246,1,0,CN
990,red,10.709999999999999,70.21,10000,3.77,4.192174515,0,0,CN
991,grey,8.33,20.23,10,5.0,3.6086956519999998,0,0,CN
992,black,9.52,29.75,100,4.0,4.106866758,1,0,CN
993,grey,9.52,8.33,1000,4.22,4.057468354,0,0,CN
994,red,17.849999999999998,15.469999999999999,5000,3.51,4.471017515,0,0,CN
995,black,16.66,32.129999999999995,5000,3.52,3.95999492,0,0,CN
996,green,15.469999999999999,13.09,20000,2.97,4.001588178,1,0,CN
997,white,5.7477,60.69,50,2.0,3.8245614039999998,1,0,VE
998,black,7.14,8.33,100,4.0,4.05104906,1,0,CN
999,pink & white,15.469999999999999,13.09,100,4.35,4.0476190480000005,0,0,US
1000,navyblue,13.09,11.899999999999999,5000,4.34,4.081176471,0,0,CN
1001,pink,9.52,8.33,1000,3.6,3.881463803,0,0,CN
1002,black,8.33,7.14,1000,4.16,4.204038257,0,0,CN
1003,red,10.709999999999999,9.52,100,3.18,3.729166667,1,0,CN
1004,green,2.38,2.38,5000,3.89,4.08967719,1,0,CN
1005,black,9.52,8.33,10000,4.01,4.1436661,0,1,CN
1006,lightgrey,9.52,8.33,1000,3.63,3.97338173,1,0,CN
1007,Pink,9.52,8.33,5000,4.14,4.2987459580000005,0,0,CN
1008,blue,21.419999999999998,32.129999999999995,5000,4.03,3.79494655,1,0,CN
1009,purple,13.09,11.899999999999999,20000,3.7,3.965700632,1,0,CN
1010,khaki,13.09,98.77,20000,3.87,4.127921061,0,0,CN
1011,red,4.76,4.76,10000,4.03,4.311065984,0,0,CN
1012,white,9.52,8.33,10000,3.71,4.058390695,0,0,CN
1013,purple,9.52,8.33,5000,3.94,4.178367253999999,0,0,CN
1014,white,7.14,27.369999999999997,1000,3.94,3.9704197,1,0,CN
1015,red,6.9853,5.949999999999999,20000,3.98,4.118811881,1,0,CN
1016,,3.1534999999999997,3.57,100,4.58,3.9877777780000003,0,0,CN
1017,green,8.33,7.14,20000,4.0,4.069703455,1,0,CN
1018,,8.33,26.18,100000,3.82,4.218866297,1,1,CN
1019,white,16.66,14.28,5000,3.83,3.955434158,0,0,CN
1020,purple,22.61,124.94999999999999,20000,4.4,4.32994874,1,0,CN
1021,green,9.52,8.33,5000,3.7,4.17585109,1,0,CN
1022,watermelonred,8.33,59.5,5000,4.02,3.967520145,0,0,CN
1023,pink,9.52,10.709999999999999,10000,3.09,3.80168428,1,1,CN
1024,yellow,9.52,8.33,1000,3.93,4.080890773999999,1,1,CN
1025,,2.0229999999999997,10.709999999999999,1000,3.86,3.991735537,1,0,CN
1026,white,14.28,70.21,100,3.59,4.013920671,0,0,CN
1027,pink,7.14,39.269999999999996,5000,4.04,4.146241563999999,0,0,CN
1028,black,13.09,11.899999999999999,50000,3.91,4.179445442,0,1,CN
1029,green,5.949999999999999,70.21,100,4.27,4.126679463,0,0,CN
1030,pink,10.709999999999999,58.309999999999995,100,3.72,4.041198502,1,0,CN
1031,yellow,17.849999999999998,80.92,1000,3.87,4.184059041,1,0,CN
1032,,5.949999999999999,5.949999999999999,1000,3.1,4.325214900000001,1,0,CN
1033,lightblue,17.849999999999998,15.469999999999999,100,4.11,4.0304709139999995,0,0,CN
1034,red,13.09,64.25999999999999,1000,3.93,4.093588282,1,1,CN
1035,black,16.66,99.96,100,3.79,4.288399112,0,0,CN
1036,,19.04,66.64,5000,4.01,4.266738393,0,0,CN
1037,skyblue,7.14,7.14,20000,3.97,3.965700632,1,0,CN
1038,prussianblue,15.469999999999999,13.09,1000,3.47,3.978746594,0,0,CN
1039,green,4.5934,4.76,100,3.48,4.121483743,1,1,CN
1040,grey,4.4506,65.45,10000,4.23,4.030377279,1,0,CN
1041,apricot,8.33,10.709999999999999,100,3.23,4.106342523,0,0,CN
1042,white,14.28,13.09,1000,3.61,4.194554147,0,0,CN
1043,black,9.52,30.939999999999998,100,3.07,3.186046512,0,0,CN
1044,black,14.28,13.09,100,4.09,3.933898305,0,0,CN
1045,red,8.33,7.14,100,3.65,3.625,0,0,CN
1046,white,9.52,26.18,1000,3.74,4.191166704,0,0,CN
1047,red,7.14,13.09,1000,4.11,3.80168428,0,1,CN
1048,yellow,4.76,4.76,100,4.07,3.884543646,1,0,CN
1049,white,10.709999999999999,9.52,5000,3.8,4.136723164,1,0,CN
1050,black,3.57,3.57,100,4.29,3.8838095239999997,1,0,CN
1051,yellow,19.04,16.66,100,3.73,3.9467909160000003,1,0,CN
1052,blue,6.949599999999999,13.09,1000,4.19,4.1727859689999995,0,0,CN
1053,white,13.09,20.23,100,3.4,3.917353419,1,0,CN
1054,white,2.38,2.38,100,3.53,4.030478955,1,0,CN
1055,grey,9.52,8.33,1000,3.13,4.072474709,1,0,CN
1056,navyblue & white,8.33,26.18,5000,3.79,4.250155958,1,0,CN
1057,white & red,2.38,2.38,5000,3.7,4.045170201,1,1,CN
1058,navyblue,9.52,40.46,1000,4.14,3.939226519,1,1,CN
1059,black,13.09,11.899999999999999,1000,3.73,3.789601486,1,0,
1060,green,5.949999999999999,13.09,100,3.72,4.0394954510000005,0,0,CN
1061,,7.14,7.14,10000,4.29,4.314149963,0,0,CN
1062,lightpink,14.28,15.469999999999999,5000,3.91,4.017513135,1,0,CN
1063,green,7.14,7.14,100,4.27,3.896921017,1,1,CN
1064,black,13.09,11.899999999999999,5000,3.64,3.9085354210000003,0,0,CN
1065,white,9.52,8.33,1000,4.43,4.181372549,1,1,CN
1066,armygreen,2.38,2.38,100,2.44,4.035360469,1,0,CN
1067,purple,6.7354,5.949999999999999,20000,4.14,4.195856185,0,0,CN
1068,armygreen,4.6886,9.52,100,3.9,4.068783069,0,0,CN
1069,navyblue,16.66,14.28,1000,3.61,3.96032825,1,0,CN
1070,red,10.709999999999999,9.52,5000,3.9,4.0572087660000005,0,0,CN
1071,pink & blue,4.76,4.76,100,3.1,4.078222418999999,1,0,CN
1072,black,13.09,11.899999999999999,100,4.75,3.6965778730000003,0,0,CN
1073,multicolor,8.33,40.46,100,4.52,4.150512214,1,0,CN
1074,green,2.38,2.38,1000,4.19,4.146957347,0,1,CN
1075,black,4.6648,4.76,20000,3.76,4.138885385,1,0,CN
1076,white,9.52,99.96,10000,3.31,4.187813611,0,0,CN
1077,lightblue,19.04,16.66,1000,3.16,4.056888251,0,0,CN
1078,purple,9.52,8.33,1000,3.98,4.056888251,0,0,CN
1079,white,3.57,3.57,100,3.67,4.291469816,0,0,CN
1080,pink,9.52,8.33,100,4.19,3.851930137,0,1,CN
1081,armygreen,13.09,11.899999999999999,100,3.24,4.210341805,0,0,CN
1082,white,13.09,11.899999999999999,10000,4.02,4.146241563999999,0,0,CN
1083,white,14.28,13.09,100,3.0,3.9754098360000003,1,0,CN
1084,white,19.04,19.04,100,3.82,4.039473684,0,0,CN
1085,black,16.66,60.69,100,3.75,3.897897542,0,0,CN
1086,grey,3.57,8.33,100,3.67,3.975077882,1,0,CN
1087,green,4.5934,4.76,100,3.48,4.121483743,1,1,CN
1088,orange,6.9258,69.02,1000,3.93,4.071557426,1,0,CN
1089,brown,9.52,8.33,50,3.67,3.7919075139999996,1,0,CN
1090,red,13.09,20.23,100,4.67,3.70758405,0,0,CN
1091,green,13.09,11.899999999999999,5000,3.87,3.924684511,1,0,CN
1092,black,2.2134,2.38,1000,3.78,3.9729373519999998,1,1,CN
1093,red,4.6171999999999995,4.76,100,3.47,3.958790237,0,0,CN
1094,khaki,9.52,39.269999999999996,50,5.0,4.110058542,1,0,CN
1095,black,4.414899999999999,5.949999999999999,10,5.0,4.2,0,0,CN
1096,,13.09,33.32,100,3.93,4.186206897,1,0,CN
1097,winered,5.949999999999999,5.949999999999999,1000,4.13,3.884543646,1,0,CN
1098,navyblue,13.09,15.469999999999999,100,3.87,3.948612502,0,0,CN
1099,blue,13.09,180.88,1000,3.91,3.908359907,0,0,CN
1100,green,15.469999999999999,51.169999999999995,1000,4.31,4.101182864,0,0,CN
1101,,9.52,13.09,10000,4.28,4.258515544,1,0,CN
1102,purple,15.469999999999999,13.09,10000,3.9,4.308385933,0,0,CN
1103,yellow,6.9376999999999995,5.949999999999999,100,4.36,3.952836128,0,0,CN
1104,white,9.52,8.33,100,3.44,3.772654155,0,0,CN
1105,purple,3.3439,39.269999999999996,50,3.64,4.105967054,0,0,CN
1106,black,2.38,30.939999999999998,10000,4.36,4.1898438989999995,1,1,CN
1107,green,6.949599999999999,5.949999999999999,100,4.04,3.956810982,0,0,CN
1108,,19.04,16.66,50,4.0,4.4342148219999995,0,0,CN
1109,white,8.33,30.939999999999998,100,2.9,3.1875,0,0,CN
1110,pink,7.14,45.22,5000,3.82,4.157659048999999,1,0,CN
1111,red,10.709999999999999,9.52,1000,3.29,4.080890773999999,1,1,CN
1112,,3.1654,10.709999999999999,100,5.0,4.437770434,0,0,CN
1113,multicolor,7.14,55.93,1000,4.28,3.862313807,0,0,CN
1114,,19.04,39.269999999999996,100,4.15,3.996714579,1,0,CN
1115,blue,9.52,16.66,1000,3.98,4.039473684,0,0,CN
1116,armygreen,6.901999999999999,51.169999999999995,20000,3.47,3.962376238,1,0,CN
1117,black,10.709999999999999,11.899999999999999,10,5.0,3.690721649,1,0,CN
1118,black,8.33,7.14,100,4.09,4.342659645,0,0,CN
1119,red,14.28,13.09,1000,3.64,3.797448166,1,0,CN
1120,green,3.4391,8.33,50,5.0,3.733333333,0,0,CN
1121,white,9.52,66.64,50,4.67,3.872340426,1,0,US
1122,grey,10.709999999999999,9.52,100,3.71,4.070213841,0,1,CN
1123,white,6.747299999999999,7.14,1000,3.51,4.027697727,0,0,CN
1124,wine,7.14,15.469999999999999,1000,3.26,4.181588105,0,0,CN
1125,darkblue,13.09,101.14999999999999,100,3.58,4.235381806,0,0,CN
1126,pink & grey,9.52,8.33,10000,4.14,4.243712225,0,1,CN
1127,blue,8.33,36.89,8,5.0,3.94915923,0,0,CN
1128,blue,16.66,101.14999999999999,100,4.23,3.981336637,0,1,CN
1129,yellow,16.66,14.28,1000,4.04,4.007209665,1,1,CN
1130,black,9.52,8.33,10000,4.13,4.162900931999999,0,0,CN
1131,white,2.38,2.38,100,4.15,4.220967742,1,0,CN
1132,armygreen,9.52,35.699999999999996,1000,3.09,4.0798744330000005,1,0,CN
1133,green,2.38,29.75,100,3.9,3.610778443,1,0,CN
1134,lightblue,2.38,2.38,100,2.92,3.9754098360000003,1,0,CN
1135,yellow,10.709999999999999,9.52,1000,3.03,4.057185406,1,1,CN
1136,black,3.57,3.57,100,4.29,3.8838095239999997,1,0,CN
1137,purple,10.709999999999999,9.52,20000,4.14,4.153030994,1,0,CN
1138,gray,13.09,99.96,100,3.61,3.8551724139999997,1,0,CN
1139,green,4.76,4.76,1000,3.51,4.222846442,0,0,CN
1140,white,13.09,26.18,1000,3.66,3.768046198,1,0,US
1141,black,4.76,4.76,100,4.13,3.937226597,0,0,CN
1142,pink,5.831,5.949999999999999,100,3.96,3.885537769,0,0,CN
1143,white,10.709999999999999,9.52,1000,3.85,3.9680610510000003,0,0,CN
1144,darkblue,14.28,51.169999999999995,100,3.65,4.110588235,1,0,CN
1145,white,8.33,35.699999999999996,1000,3.28,4.382091743,1,1,CN
1146,pink,8.33,9.52,1000,3.73,4.1023209419999995,1,0,CN
1147,black,2.2015,13.09,100,3.9,3.8379369430000003,0,1,
1148,yellow,14.28,13.09,100,5.0,4.5,1,0,CN
1149,khaki,14.28,130.9,20000,4.04,4.1902087660000005,1,0,CN
1150,ivory,6.997199999999999,10.709999999999999,20000,4.07,4.319001951000001,0,0,CN
1151,green,17.849999999999998,121.38,1000,4.23,4.235381806,0,0,CN
1152,black & yellow,9.52,89.25,20000,4.39,4.447536836,0,0,CN
1153,purple,10.709999999999999,9.52,10000,4.2,3.967520145,0,0,CN
1154,brown,10.709999999999999,9.52,50,3.0,3.774193548,0,0,CN
1155,winered,9.52,10.709999999999999,100,3.38,4.005247225,0,0,CN
1156,white,8.33,8.33,10,5.0,4.062176166,1,0,CN
1157,red,7.14,7.14,100,3.3,4.21777093,0,0,CN
1158,black,5.593,22.61,100,3.87,4.192084875,0,0,CN
1159,beige,7.14,8.33,1000,3.67,3.95009311,0,0,CN
1160,red,5.8667,7.14,100,3.77,3.899673276,0,0,CN
1161,gray,3.57,3.57,1000,3.94,4.283611137,0,0,CN
1162,black,9.52,20.23,5000,3.94,4.046296296,1,0,CN
1163,black,2.38,2.38,5000,3.87,3.965986395,1,0,CN
1164,winered,9.52,55.93,10000,4.14,4.166509285,0,0,CN
1165,black,16.66,14.28,10000,3.65,4.223792331,1,0,CN
1166,yellow,17.849999999999998,80.92,1000,3.87,4.184059041,1,0,CN
1167,multicolor,9.52,8.33,5000,4.23,4.251260503999999,0,0,CN
1168,grey,6.747299999999999,22.61,100000,3.53,3.8891313380000003,0,0,CN
1169,grey,16.66,99.96,5000,4.22,4.2607917,0,0,CN
1170,pink,8.33,51.169999999999995,1000,3.36,3.9849947999999995,1,0,CN
1171,white,10.709999999999999,9.52,20000,3.94,4.079885575,1,0,CN
1172,black,13.09,30.939999999999998,100,5.0,4.14070236,1,0,CN
1173,green,19.04,16.66,10,3.0,3.548387097,0,0,CN
1174,armygreen,7.14,8.33,100,3.31,4.167627677,0,0,CN
1175,pink,14.28,20.23,1000,3.36,4.160587915,0,0,CN
1176,black,19.04,16.66,100,3.28,3.982241953,1,1,CN
1177,white,14.28,20.23,1000,4.21,3.9103428069999997,0,1,CN
1178,black,15.469999999999999,80.92,100,3.48,4.194922286000001,1,0,CN
1179,white,13.09,11.899999999999999,10000,3.75,4.235886611000001,0,0,CN
1180,white,13.09,45.22,5000,3.91,4.267890819,0,0,CN
1181,yellow,4.414899999999999,7.14,1000,3.45,4.079162781,1,0,CN
1182,grey,7.14,10.709999999999999,1000,3.8,4.106342523,0,0,CN
1183,grey,7.14,7.14,5000,3.89,4.07420278,1,0,CN
1184,jasper,14.28,19.04,5000,3.28,3.897243108,0,0,CN
1185,,2.38,2.38,50000,4.01,4.165079254,0,0,CN
1186,green,5.949999999999999,5.949999999999999,100,5.0,4.1228668939999995,1,0,CN
1187,lightkhaki,5.949999999999999,5.949999999999999,5000,3.3,4.297335307,0,1,CN
1188,purple,5.5454,13.09,50000,4.01,4.216476534,1,0,CN
1189,blue,9.52,26.18,100,4.0,4.049640277,1,0,CN
1190,white,10.709999999999999,10.709999999999999,100,5.0,4.2037253560000005,1,0,CN
1191,black,9.52,10.709999999999999,1000,3.95,3.949421613,1,1,CN
1192,,19.04,16.66,10,5.0,4.466019417,1,0,CN
1193,white,5.949999999999999,5.949999999999999,1000,4.1,4.356819326,1,0,CN
1194,black & white,7.14,7.14,10000,4.0,3.965700632,1,0,CN
1195,pink,21.419999999999998,70.21,10,2.67,4.5014720310000005,0,0,CN
1196,black,9.52,8.33,20000,3.8,4.0383196980000005,1,0,CN
1197,yellow,13.09,11.899999999999999,100,3.8,3.9433198380000003,1,0,CN
1198,white,5.949999999999999,29.75,10000,4.19,3.865384615,1,0,CN
1199,wine,5.949999999999999,11.899999999999999,100,4.08,4.252289157,0,0,CN
1200,black,30.939999999999998,199.92,100,4.15,3.854961832,1,0,CN
1201,black & yellow,7.14,7.14,100,3.83,3.7758620689999995,0,0,CN
1202,black,6.8782,10.709999999999999,100,3.71,3.917353419,1,0,CN
1203,winered,5.949999999999999,8.33,20000,4.13,4.080890773999999,1,1,CN
1204,white,6.8187,5.949999999999999,100,3.86,4.155932203,0,1,CN
1205,orange,4.5577,4.76,10000,3.64,3.884543646,0,0,CN
1206,navyblue,8.33,7.14,100,3.69,3.866902917,0,0,CN
1207,lightblue,17.849999999999998,15.469999999999999,100,4.11,4.0304709139999995,0,0,CN
1208,black,4.6648,4.76,20000,3.76,4.138885385,1,0,CN
1209,white,13.09,23.799999999999997,100,3.43,4.174679487,0,0,CN
1210,green,7.14,7.14,10,4.75,3.9586179969999997,0,0,CN
1211,orange,3.1534999999999997,3.57,20000,3.4,4.320587457,0,1,CN
1212,purple,4.414899999999999,4.76,100,3.44,4.045170201,1,1,CN
1213,beige,15.469999999999999,30.939999999999998,100,3.78,3.8639921719999997,0,0,CN
1214,black,14.28,13.09,1000,3.59,3.819658814,0,0,CN
1215,black,15.469999999999999,299.88,20000,3.91,4.097119485,0,1,CN
1216,black,14.28,199.92,5000,4.09,4.385691963,0,1,CN
1217,white,6.771100000000001,20.23,5000,4.31,4.138404649,0,0,CN
1218,purple,7.14,9.52,10000,3.79,4.07379278,1,0,CN
1219,red,13.09,11.899999999999999,1000,4.1,4.380203102,1,0,CN
1220,pink,5.949999999999999,5.949999999999999,100,3.75,3.8584998360000005,0,0,CN
1221,armygreen,8.33,7.14,1000,3.19,4.012953645,0,1,CN
1222,black,13.09,11.899999999999999,5000,3.56,3.880071867,0,0,CN
1223,black,6.7235000000000005,11.899999999999999,100,2.86,3.899673276,1,0,CN
1224,black,6.961499999999999,5.949999999999999,10000,3.55,3.9382007110000004,0,0,CN
1225,blue,9.52,101.14999999999999,100,4.11,4.2319285319999995,0,0,CN
1226,navyblue,7.14,7.14,5000,4.13,4.040554548,1,0,CN
1227,white & green,13.09,11.899999999999999,100,3.96,3.870917874,0,0,CN
1228,white,16.66,30.939999999999998,5000,4.12,4.109952607,0,0,CN
1229,navy,4.3792,4.76,100,3.71,3.789601486,0,0,
1230,green,21.419999999999998,90.44,100,3.56,4.274301676,0,0,CN
1231,pink,5.949999999999999,26.18,1000,3.32,3.582830139,0,0,CN
1232,red,8.33,16.66,100,4.24,4.143965517,0,0,CN
1233,black,9.52,77.35,5000,4.14,4.063724549,0,0,CN
1234,offblack,19.04,16.66,50,3.72,4.322984749,0,0,CN
1235,green,6.8306,5.949999999999999,5000,3.9,4.0949046739999995,0,0,CN
1236,blue,9.52,8.33,10000,3.71,4.049640277,0,0,CN
1237,black,9.52,8.33,20000,3.63,4.049640277,0,0,CN
1238,grey,3.57,16.66,100,3.9,4.110058542,0,0,CN
1239,green,3.4391,8.33,50,5.0,3.733333333,0,0,CN
1240,red,2.38,7.14,1000,3.32,4.119705341,0,0,CN
1241,red,10.709999999999999,77.35,1000,3.7,3.964719834,1,0,CN
1242,white,10.709999999999999,10.709999999999999,100,5.0,4.2037253560000005,1,0,CN
1243,white & green,13.09,11.899999999999999,5000,4.03,3.872009976,0,0,CN
1244,red,10.709999999999999,10.709999999999999,1000,4.2,3.5900825839999997,0,1,
1245,yellow,5.7238999999999995,5.949999999999999,100,5.0,4.333333333,1,0,CN
1246,blue,9.52,11.899999999999999,50,3.8,3.7906976739999996,0,0,CN
1247,blue,9.52,166.6,10000,4.17,4.167804878,1,0,CN
1248,pink,5.949999999999999,5.949999999999999,1000,2.98,3.90494186,1,1,CN
1249,black,7.14,7.14,1000,3.98,4.351540616,1,0,CN
1250,black,15.469999999999999,13.09,1000,4.14,4.162900931999999,0,0,CN
1251,green,3.4391,8.33,50,5.0,3.733333333,0,0,CN
1252,red,13.09,11.899999999999999,1000,3.97,3.931860037,0,0,CN
1253,winered,5.949999999999999,5.949999999999999,1000,4.13,3.884543646,1,0,CN
1254,black,8.33,7.14,100,3.6,4.155279503,0,0,CN
1255,violet,10.709999999999999,9.52,1000,4.24,4.298488665,1,0,CN
1256,black,14.28,13.09,100,3.6,3.789601486,0,0,
1257,yellow,6.842499999999999,29.75,1000,3.67,4.209631728,0,0,CN
1258,winered,13.09,19.04,100,2.92,3.666666667,1,0,US
1259,black,13.09,121.38,1000,4.15,4.1902087660000005,1,0,CN
1260,armygreen,13.09,55.93,100,4.39,4.360983743,0,0,CN
1261,black,8.33,7.14,100,3.83,3.826666667,0,0,CN
1262,fluorescentgreen,2.0467999999999997,2.38,100,3.77,3.884543646,1,0,CN
1263,black,3.4509999999999996,3.57,100,3.89,4.190184049,1,0,CN
1264,winered,9.52,10.709999999999999,10000,3.95,3.9288796610000003,0,0,CN
1265,purple,3.3439,39.269999999999996,50,3.64,4.105967054,0,0,CN
1266,white,2.38,2.38,100,4.15,4.220967742,1,0,CN
1267,white & green,9.52,8.33,100,4.2,3.9318181819999998,0,0,CN
1268,pink,6.9734,70.21,1000,4.06,4.079885575,1,0,CN
1269,rosered,13.09,30.939999999999998,1000,3.95,3.999819299,0,0,CN
1270,purple,3.1773,79.72999999999999,10,5.0,3.692307692,0,0,CN
1271,black,13.09,11.899999999999999,10000,4.05,3.936382393,1,0,CN
1272,black,15.469999999999999,80.92,5000,3.79,4.236690529,0,0,US
1273,black,6.7235000000000005,11.899999999999999,100,2.86,3.899673276,1,0,CN
1274,purple,9.52,8.33,100,4.04,4.2779913689999995,0,0,CN
1275,yellow,16.66,121.38,1000,4.18,4.173723118,0,0,CN
1276,white,13.09,71.39999999999999,1000,3.38,3.9601706969999997,1,0,CN
1277,black,8.33,27.369999999999997,10000,3.98,4.293899649,0,0,CN
1278,multicolor,13.09,11.899999999999999,10000,3.86,4.025623075,1,0,CN
1279,red,10.709999999999999,36.89,1000,3.92,4.165982842,1,0,CN
1280,black,9.52,99.96,10000,4.19,4.187813611,0,0,CN
1281,blue,9.52,8.33,100,4.39,3.897196262,0,0,CN
1282,black,13.09,99.96,100,3.65,4.034645076,0,0,US
1283,green,17.849999999999998,15.469999999999999,50,4.4,3.676470588,1,0,CN
1284,black,19.04,16.66,100,3.44,3.367132867,1,0,VE
1285,white,5.949999999999999,5.949999999999999,5000,2.94,4.230320366,1,0,CN
1286,brown,15.469999999999999,101.14999999999999,100,4.11,3.8781669969999997,0,0,CN
1287,green,23.799999999999997,20.23,100,3.2,3.25,1,0,CN
1288,yellow,19.04,16.66,100,3.73,3.9467909160000003,1,0,CN
1289,white,1.19,11.899999999999999,100,3.56,3.8379369430000003,0,1,
1290,white,10.709999999999999,16.66,20000,3.31,3.90254772,1,0,CN
1291,multicolor,16.66,14.28,1000,4.26,4.223259762,0,0,CN
1292,white,7.14,20.23,6,5.0,4.049640277,0,0,CN
1293,yellow,8.33,7.14,100,2.75,3.9085354210000003,0,0,CN
1294,green,13.09,11.899999999999999,5000,3.91,4.146568822,0,0,CN
1295,fluorescentgreen,2.0467999999999997,2.38,100,3.77,3.884543646,1,0,CN
1296,white,6.747299999999999,5.949999999999999,20000,3.63,4.103759814,0,0,
1297,lightblue,7.14,9.52,100,3.31,3.983783784,1,0,CN
1298,black,7.14,8.33,100,4.31,4.001546268999999,1,0,CN
1299,navy,14.28,121.38,100,4.11,4.227260982,1,1,CN
1300,black,13.09,70.21,100,3.61,4.184731649,1,0,CN
1301,white,14.28,20.23,50,4.17,4.385294567,0,0,CN
1302,navyblue,13.09,11.899999999999999,1000,3.58,4.132463859,1,0,CN
1303,black,9.52,8.33,1000,3.76,4.256873253,0,0,CN
1304,green,5.949999999999999,28.56,100,3.7,3.939481595,0,0,CN
1305,pink,4.76,4.76,100,4.5,4.189139269,1,0,CN
1306,black,13.09,51.169999999999995,10000,3.28,4.115275448,0,0,CN
1307,pink & black,14.28,13.09,50,4.24,3.839818663,0,0,CN
1308,red,13.09,20.23,5000,3.26,3.843064182,0,0,CN
1309,yellow,9.52,8.33,50,3.88,3.736526946,0,0,CN
1310,black & blue,8.33,8.33,10000,3.85,4.179445442,0,1,CN
1311,red,9.52,13.09,100,3.87,4.0400623,0,0,CN
1312,white,2.2371999999999996,29.75,100,4.46,4.007283321,1,0,CN
1313,black,13.09,11.899999999999999,1000,4.32,4.194554147,0,0,CN
1314,white,10.709999999999999,160.65,100,3.55,4.048993964,0,0,CN
1315,red,4.6171999999999995,5.949999999999999,10000,3.66,4.018157136,0,1,CN
1316,winered,13.09,13.09,1000,2.99,4.032864742,0,0,CN
1317,winered,9.52,13.09,100,2.81,3.580645161,0,0,CN
1318,black,6.7235000000000005,7.14,1000,3.96,4.045170201,1,1,CN
1319,white,9.52,77.35,100,3.97,3.882845188,0,0,CN
1320,white,2.38,2.38,10,4.8,3.666666667,0,0,CN
1321,pink,14.28,15.469999999999999,1000,4.25,4.0849694880000005,0,0,CN
1322,purple,1.9753999999999998,2.38,100,3.75,3.9433198380000003,1,0,CN
1323,white,8.33,7.14,1000,3.27,3.9653875989999996,0,0,CN
1324,skyblue,9.52,23.799999999999997,1000,3.12,3.953168745,0,0,CN
1325,blue,10.709999999999999,9.52,1000,4.03,3.906504065,1,0,GB
1326,white,9.52,8.33,1000,3.69,3.766138855,1,0,CN
1327,white,16.66,127.33,1000,4.38,3.966034959,1,0,CN
1328,grey,9.52,15.469999999999999,1000,4.39,4.146568822,0,0,CN
1329,darkblue,13.09,51.169999999999995,10000,3.98,3.928009455,1,0,CN
1330,beige,22.61,20.23,100,4.33,4.234086242,1,0,CN
1331,blue,8.33,7.14,50,4.0,4.352941176,0,0,CN
1332,navyblue,9.52,9.52,10000,3.61,4.0383196980000005,1,0,CN
1333,pink,13.09,11.899999999999999,1000,3.69,3.895937277,1,0,CN
1334,black,14.28,110.67,1000,4.1,4.241312741000001,1,0,CN
1335,rose,2.38,10.709999999999999,100,3.67,3.801801802,1,0,CN
1336,blue,9.52,8.33,100,3.37,3.96533733,1,1,CN
1337,yellow,9.52,70.21,100,4.05,3.766233766,1,0,US
1338,black,5.949999999999999,10.709999999999999,100,4.08,3.891421324,0,0,CN
1339,green,5.949999999999999,57.12,100,4.07,4.089775732,1,0,CN
1340,yellow,15.469999999999999,40.46,100,3.74,3.987990196,0,0,CN
1341,,2.38,8.33,5000,3.91,4.099830795,0,0,CN
1342,khaki,9.52,57.12,100,4.01,3.854961832,1,0,CN
1343,black,6.9734,5.949999999999999,100,4.55,4.364583333,1,0,CN
1344,black,8.33,40.46,5000,3.81,4.013812875,0,0,CN
1345,white,2.38,2.38,10,4.8,3.666666667,0,0,CN
1346,white,1.9991999999999999,2.38,100,3.67,3.9560649469999998,1,0,CN
1347,white & green,9.52,11.899999999999999,100,4.07,4.040650407,0,0,CN
1348,black,9.52,8.33,100,2.0,4.07420278,0,0,CN
1349,black,9.52,299.88,1000,3.88,3.950811908,1,0,CN
1350,blackwhite,14.28,13.09,1000,3.7,3.952836128,0,0,CN
1351,pink,2.38,4.76,100,3.1,3.422535211,1,0,CN
1352,black,13.09,98.77,1000,3.63,3.702875399,0,0,CN
1353,black,9.52,8.33,10000,4.14,4.077095306,1,0,CN
1354,black,19.04,59.5,100,3.93,4.310666259,0,0,CN
1355,white,9.52,80.92,8,5.0,3.916932907,0,0,CN
1356,lightyellow,10.709999999999999,9.52,5000,4.41,4.138885385,1,0,CN
1357,yellow,13.09,45.22,5000,4.11,4.171096346000001,0,0,CN
1358,pink,9.52,8.33,5000,3.71,3.8584998360000005,1,0,CN
1359,pink,9.52,59.5,5000,4.26,3.8638448430000003,1,0,CN
1360,white,13.09,11.899999999999999,10000,3.65,4.310432991,0,0,CN
1361,white,13.09,101.14999999999999,50,4.0,3.714285714,1,0,CN
1362,black,20.23,89.25,1000,4.18,4.1808287989999995,0,1,CN
1363,white,8.33,80.92,10,1.5,3.858942065,0,0,CN
1364,yellow,3.332,3.57,1000,3.4,4.018735363,1,0,CN
1365,grey,9.52,8.33,50,3.43,3.9799196789999995,1,0,CN
1366,black,7.009099999999999,5.949999999999999,100,4.15,3.9933333330000003,1,0,CN
1367,grey,9.52,8.33,1000,3.4,4.023291043,0,1,CN
1368,red,1.19,1.19,100,3.17,4.166666667,1,0,CN
1369,red,9.52,8.33,100,3.86,4.3903262089999995,1,0,CN
1370,navy,19.04,16.66,10000,3.87,4.066326401,0,0,CN
1371,,1.9753999999999998,2.38,1000,4.21,4.3932067539999995,1,0,CN
1372,yellow,7.14,7.14,100,3.4,3.625,0,0,CN
1373,white,3.2249,3.57,100,4.33,4.114583333,1,0,CN
1374,white,9.52,8.33,10000,3.7,4.066326401,1,0,CN
1375,black,19.04,40.46,5000,4.28,4.230903112,1,1,CN
1376,blue,5.949999999999999,5.949999999999999,1000,3.85,4.043780466,0,0,CN
1377,White,13.09,30.939999999999998,5000,4.04,4.465350914,1,0,CN
1378,black,7.14,7.14,1000,3.68,3.995605701,1,0,CN
1379,white,5.8072,29.75,1000,4.0,3.9467909160000003,0,0,CN
1380,black,19.04,16.66,20000,4.27,4.387414067,0,1,CN
1381,purple,13.09,89.25,1000,3.43,3.682692308,1,0,CN
1382,pink,7.14,40.46,1000,3.41,4.002935421,0,0,CN
1383,blue,5.949999999999999,29.75,1000,3.64,3.8707346730000003,0,1,CN
1384,black,7.14,11.899999999999999,10000,4.06,4.188215345,0,0,CN
1385,white,7.14,7.14,1000,3.15,4.197609562,1,0,CN
1386,blue,16.66,165.41,10000,4.26,4.193456615,1,0,CN
1387,blue,7.14,39.269999999999996,10,2.33,3.9246774089999996,0,0,CN
1388,purple,10.709999999999999,20.23,100,4.18,4.1301867219999995,1,0,CN
1389,purple,5.949999999999999,5.949999999999999,5000,4.1,4.08967719,1,0,CN
1390,lightgreen,8.33,7.14,20000,4.22,4.164804141,1,0,CN
1391,purple,10.709999999999999,13.09,100,4.4,3.928009455,0,0,CN
1392,black,17.849999999999998,15.469999999999999,1000,3.5,4.228700821,1,0,CN
1393,black,8.33,7.14,1000,3.75,3.930513595,0,0,CN
1394,white,15.469999999999999,13.09,1000,3.97,4.060278647,0,0,CN
1395,red,8.33,20.23,100,3.89,4.0,1,0,CN
1396,grey,4.76,4.76,5000,4.19,4.301120485,0,0,CN
1397,pink,9.52,8.33,1000,3.61,3.885537769,0,0,CN
1398,armygreen,16.66,99.96,1000,3.27,4.1507563030000005,0,1,CN
1399,white,9.52,36.89,1000,4.12,3.809966425,1,0,CN
1400,yellow,4.76,30.939999999999998,5000,4.3,4.398310437,1,0,US
1401,white,1.9991999999999999,2.38,100,3.67,3.9560649469999998,1,0,CN
1402,black,13.09,11.899999999999999,10000,4.16,4.1090244910000004,0,0,CN
1403,black,7.14,7.14,100,5.0,4.035714286,1,0,CN
1404,multicolor,6.961499999999999,51.169999999999995,100,3.67,4.340770791000001,1,1,CN
1405,yellow,6.771100000000001,11.899999999999999,1000,3.74,4.074534161,0,0,CN
1406,blue,6.794899999999999,99.96,20000,3.9,4.1974587,0,0,CN
1407,black,10.709999999999999,99.96,1000,4.3,4.246192289,0,0,CN
1408,pink,14.28,13.09,5000,3.6,4.123943018,0,0,CN
1409,black,5.949999999999999,5.949999999999999,20000,4.19,4.260005843,0,0,CN
1410,armygreen,10.709999999999999,9.52,100,4.5,3.945223781,0,1,CN
1411,yellow,9.52,70.21,100,4.05,3.766233766,1,0,US
1412,black,10.709999999999999,15.469999999999999,5000,3.75,4.058499363999999,1,0,CN
1413,pink,8.33,15.469999999999999,1000,3.74,3.949421613,1,1,CN
1414,blue,8.33,7.14,100,3.36,3.851930137,0,1,CN
1415,blue,17.849999999999998,15.469999999999999,1000,3.88,3.8936938519999997,0,0,CN
1416,black,9.52,9.52,10000,3.98,3.939481595,1,0,CN
1417,darkblue,9.52,8.33,10,4.5,4.326463286,1,1,CN
1418,red,19.04,128.51999999999998,10000,4.25,4.201298485,1,1,CN
1419,black,9.52,49.98,5000,4.47,4.27486594,0,0,CN
1420,black,10.709999999999999,9.52,5000,4.08,4.10884906,1,0,CN
1421,multicolor,9.52,8.33,5000,4.3,4.289673913000001,0,0,CN
1422,blue,10.709999999999999,9.52,5000,4.08,4.044769195,0,0,CN
1423,black,13.09,11.899999999999999,5000,3.56,3.880071867,0,0,CN
1424,khaki,4.3435,4.76,20000,3.93,4.196498906,1,0,CN
1425,lakeblue,5.5573,4.76,100,2.88,4.079365079,1,0,CN
1426,black,13.09,90.44,1000,4.23,3.917353419,0,0,CN
1427,dustypink,9.52,8.33,1000,3.41,3.475583864,1,0,CN
1428,purple,9.52,10.709999999999999,1000,4.22,4.02043471,0,0,CN
1429,red,9.52,8.33,5000,3.6,4.131070921,1,0,CN
1430,yellow,14.28,13.09,100,1.0,3.0,1,0,CN
1431,navyblue,9.52,8.33,20000,3.92,4.0949046739999995,0,0,CN
1432,red,7.14,26.18,1000,4.45,3.8551732860000003,1,0,CN
1433,yellow,9.52,11.899999999999999,50,5.0,3.874015748,0,0,CN
1434,purple,3.2011,3.57,100,5.0,4.247714048,0,0,CN
1435,orange,1.9872999999999998,2.38,100,3.59,3.967567568,1,0,US
1436,white,9.52,8.33,100,3.0,4.484396671,1,0,CN
1437,white,7.14,13.09,100,3.0,4.032864742,0,0,CN
1438,white,9.52,8.33,5000,3.66,4.0022268169999995,1,0,CN
1439,white,10.709999999999999,9.52,5000,3.8,4.136723164,1,0,CN
1440,blue,3.57,20.23,5000,4.17,4.303984729,0,0,CN
1441,black,3.57,3.57,100,3.63,4.056169429,1,0,CN
1442,white,3.2249,3.57,100,4.33,4.114583333,1,0,CN
1443,white,1.19,9.52,50,3.75,4.170212766000001,0,0,CN
1444,coralred,13.09,11.899999999999999,100,3.96,4.276725838,0,0,CN
1445,blue,7.14,8.33,50,4.0,4.166509285,1,0,CN
1446,black,19.04,99.96,100,3.41,4.048993964,0,0,CN
1447,white,5.949999999999999,5.949999999999999,5000,3.76,3.884543646,0,0,CN
1448,pink,13.09,11.899999999999999,100,2.77,3.545454545,1,0,CN
1449,navyblue,3.2368,20.23,1000,3.63,4.179424749,1,0,CN
1450,white,8.33,8.33,1000,4.02,4.018157136,0,1,CN
1451,black,4.5339,4.76,1000,3.48,3.9832015810000003,0,0,CN
1452,red,13.09,11.899999999999999,100,4.14,3.970730702,1,0,CN
1453,coffee,7.14,7.14,100,3.99,4.153030994,1,0,CN
1454,navyblue,10.709999999999999,40.46,100,3.14,3.534646739,1,0,CN
1455,green,5.949999999999999,57.12,100,4.07,4.089775732,1,0,CN
1456,skyblue,9.52,9.52,10000,4.3,3.994718044,0,0,CN
1457,green,9.52,70.21,100,3.78,3.8713588060000004,0,1,CN
1458,yellow,15.469999999999999,40.46,100,3.74,3.987990196,0,0,CN
1459,armygreen,13.09,55.93,100,4.39,4.360983743,0,0,CN
1460,green,17.849999999999998,15.469999999999999,5000,3.73,3.818634571,1,0,CN
1461,black,13.09,11.899999999999999,100,4.0,3.9288796610000003,1,0,CN
1462,black,3.3439,3.57,100,3.5,4.146957347,1,1,CN
1463,white,7.14,20.23,5000,4.24,4.155996393,0,0,CN
1464,black,6.7354,5.949999999999999,1000,4.21,4.053971797,0,0,CN
1465,black,7.14,8.33,10000,3.75,4.055231103000001,0,1,CN
1466,,9.52,99.96,50000,3.6,3.9682687999999993,0,1,CN
1467,green,8.33,10.709999999999999,10000,4.19,4.105967054,1,0,CN
1468,skyblue,16.66,59.5,100,5.0,3.8720443839999996,1,0,CN
1469,,2.1896,2.38,100,3.68,3.991735537,1,0,CN
1470,white,9.52,8.33,1000,4.05,3.892703863,0,0,CN
1471,white,10.709999999999999,9.52,10000,4.03,4.208614668,0,0,CN
1472,grey,8.33,26.18,100,4.46,4.236471123,0,0,US
1473,,5.949999999999999,10.709999999999999,100,4.67,4.4866310160000005,1,0,CN
1474,black,4.4268,13.09,1000,4.29,4.350176372,1,0,CN
1475,winered,4.5339,70.21,5000,3.74,3.933581377,0,0,CN
1476,pink,5.8667,5.949999999999999,1000,3.36,3.86754717,1,0,CN
1477,black,13.09,11.899999999999999,10000,4.05,3.936382393,1,0,CN
1478,black,7.14,7.14,1000,3.68,3.995605701,1,0,CN
1479,blue,8.33,39.269999999999996,50,3.0,4.001546268999999,0,0,CN
1480,orange,19.04,16.66,5000,3.34,3.853575963,1,0,US
1481,white,9.52,80.92,8,5.0,3.916932907,0,0,CN
1482,black,10.709999999999999,9.52,1000,4.07,4.151916137,0,0,US
1483,white,9.52,26.18,100,4.6,4.2380952380000005,1,0,CN
1484,white,9.52,13.09,10000,3.82,4.240676584,1,0,CN
1485,black,5.949999999999999,48.79,100,3.67,4.013812875,1,0,CN
1486,grey,5.949999999999999,9.52,5000,3.51,4.069535763999999,1,0,CN
1487,white,16.66,60.69,1000,3.73,4.0140631760000005,0,1,CN
1488,darkgreen,16.66,16.66,1,5.0,3.955908289,0,0,CN
1489,grey,3.332,3.57,100,3.17,4.258106638,1,0,CN
1490,white,9.52,128.51999999999998,10000,3.96,4.224604966,0,0,CN
1491,white,13.09,199.92,10,3.33,3.9148936169999997,0,0,CN
1492,yellow,10.709999999999999,9.52,5000,3.47,3.98132894,0,0,CN
1493,black,9.52,8.33,10000,3.62,3.901216059,1,0,CN
1494,black,19.04,104.72,100,3.67,4.044481645,0,1,CN
1495,white,7.14,13.09,100,3.0,4.032864742,0,0,CN
1496,pink,8.33,7.14,10000,3.88,3.884543646,0,0,CN
1497,rosegold,4.3554,4.76,20000,4.48,4.462302434,0,1,CN
1498,watermelonred,8.33,59.5,5000,4.02,3.967520145,0,0,CN
1499,beige,7.14,90.44,1000,3.61,4.030377279,0,0,CN
1500,purple,5.7238999999999995,5.949999999999999,10000,3.84,3.998651118,0,0,CN
1501,pink,9.52,8.33,1000,3.52,4.109477124,1,0,CN
1502,armygreen,9.52,8.33,20000,4.17,4.146857299,1,0,CN
1503,pink,16.66,14.28,5000,3.94,4.105777666,0,1,CN
1504,blue,5.5573,4.76,10000,3.92,4.264658502,1,0,CN
1505,orange,2.142,2.38,1000,4.2,4.079643756,1,1,CN
1506,purple,7.021,5.949999999999999,5000,3.5,4.25420796,1,0,CN
1507,,5.949999999999999,5.949999999999999,1000,4.64,4.422520661,0,0,CN
1508,yellow,14.28,13.09,20000,4.15,4.111647028,0,1,CN
1509,grey,5.949999999999999,5.949999999999999,20000,4.07,4.283611137,0,0,CN
1510,leopard,16.66,51.169999999999995,1000,4.05,3.8720443839999996,1,0,CN
1511,floral,14.28,90.44,20000,4.17,4.127921061,0,0,CN
1512,green,6.949599999999999,5.949999999999999,100,4.04,3.956810982,0,0,CN
1513,applegreen,15.469999999999999,13.09,100,3.22,3.801801802,0,0,CN
1514,grey,7.14,7.14,10000,3.96,4.08967719,1,0,CN
1515,black,10.709999999999999,60.69,5000,4.11,4.00669222,0,0,CN
1516,white,17.849999999999998,15.469999999999999,20000,4.34,4.387414067,0,1,CN
1517,yellow,9.52,11.899999999999999,100,3.5,3.786324786,0,0,CN
1518,red,8.33,8.33,1000,3.67,4.062360802,0,0,CN
1519,purple,9.52,8.33,5000,3.99,4.045170201,1,1,CN
1520,armygreen,2.38,2.38,100,2.44,4.035360469,1,0,CN
1521,green,9.52,13.09,1000,3.84,4.2600267380000005,1,0,CN
1522,winered,13.09,58.309999999999995,100,3.73,4.143965517,0,0,CN
1523,blue,9.52,8.33,1000,3.5,4.216954023,0,0,CN
1524,blue,3.2011,3.57,1000,3.32,3.9585492230000003,1,0,CN
1525,gold,7.14,34.51,5000,3.71,4.069069069,0,0,CN
1526,pink,9.52,8.33,1000,3.52,4.109477124,1,0,CN
1527,yellow,6.9376999999999995,76.16,100,3.19,4.118349181,1,0,CN
1528,red,13.09,20.23,100,4.67,3.70758405,0,0,CN
1529,purple,13.09,11.899999999999999,1000,4.34,4.165000764,1,0,CN
1530,yellow,16.66,14.28,1000,3.7,4.056888251,0,0,CN
1531,black & blue,32.129999999999995,27.369999999999997,50,4.25,3.937343358,1,0,CN
1532,black,4.76,4.76,10,5.0,4.25420796,1,0,CN
1533,multicolor,19.04,16.66,10000,3.74,4.310432991,0,0,CN
1534,pink,13.09,21.419999999999998,20000,4.14,4.218866297,1,1,CN
1535,white,9.52,35.699999999999996,20000,3.61,4.105127475,0,0,CN
1536,pink,6.866299999999999,10.709999999999999,100,2.9,4.002935421,0,0,CN
1537,grey,13.09,14.28,10000,3.96,4.122466488,0,0,CN
1538,white,10.709999999999999,9.52,1000,3.72,3.997589763,1,0,CN
1539,black,14.28,13.09,1000,3.94,4.032864742,0,0,CN
1540,white,6.9853,13.09,1000,3.91,4.391304348,1,0,CN
1541,grey,8.33,99.96,100,3.7,3.7794676810000003,1,0,CN
1542,navyblue,9.52,8.33,1000,3.97,3.870917874,0,0,CN
1543,white,8.33,7.14,1000,4.2,3.9433198380000003,1,0,CN
1544,white,9.52,8.33,100,3.83,3.545023697,0,0,CN
1545,black,10.709999999999999,9.52,5000,4.28,3.9288796610000003,0,0,CN
1546,yellow,9.52,8.33,1000,3.4,3.829268293,0,0,CN
1547,pink,3.2249,7.14,100,3.4,3.797448166,1,0,CN
1548,white,14.28,103.53,10000,4.11,4.201298485,0,1,CN
1549,black,15.469999999999999,85.67999999999999,1000,3.99,4.420437956000001,0,1,CN
1550,white,3.57,3.57,5000,3.2,4.222846442,0,0,CN
1551,khaki,8.33,7.14,100,3.67,4.045170201,1,1,CN
1552,green,5.949999999999999,5.949999999999999,5000,3.2,3.884543646,0,0,CN
1553,yellow,7.14,7.14,100,3.4,3.625,0,0,CN
1554,blue,14.28,13.09,5000,3.68,3.776636714,0,0,CN
1555,pink,9.52,8.33,50,4.0,4.127901883,0,0,CN
1556,white,8.33,7.14,1000,3.98,4.277078086,1,0,CN
1557,green,10.709999999999999,90.44,20000,3.55,3.9682687999999993,0,1,CN
1558,black,15.469999999999999,13.09,10000,4.12,4.147841677,0,1,CN
1559,white,19.04,16.66,100,4.05,4.2178988330000005,1,0,CN
1560,burgundy,8.33,29.75,5000,3.5,4.1928938360000005,0,0,CN
1561,green,4.6053,4.76,1000,3.68,3.626415094,1,0,CN
1562,red,5.8667,7.14,100,3.77,3.899673276,0,0,CN
1563,red,17.849999999999998,109.47999999999999,100,3.51,4.127921061,0,0,CN
1564,White,7.0329,5.949999999999999,1000,3.38,3.866902917,0,0,CN
1565,skyblue,3.57,9.52,100,3.79,3.987990196,1,0,CN
1566,black,13.09,159.45999999999998,100,3.54,4.07165109,1,0,CN
1567,black,9.52,8.33,20000,4.25,4.15503184,1,0,CN
1568,navyblue,7.14,10.709999999999999,10000,4.08,4.224604966,1,0,CN
1569,lightblue,2.38,66.64,100,3.07,3.696054115,1,0,CN
1570,white,5.949999999999999,22.61,100,3.71,3.961904762,0,0,CN
1571,white,15.469999999999999,13.09,100,2.5,3.774193548,0,0,CN
1572,red,8.33,7.14,100,4.07,4.2359390569999995,1,0,CN
